"Date Time, GMT -0800","Temp, (*F)",Button Down,Button Up,Host Connect,EOF
2/25/20 13:40,101.22, , , , 
2/25/20 13:50,75.64, , , , 
2/25/20 14:00,74.33, , , , 
2/25/20 14:10,74.2, , , , 
2/25/20 14:20,74.16, , , , 
2/25/20 14:30,73.91, , , , 
2/25/20 14:40,73.54, , , , 
2/25/20 14:50,73.21, , , , 
2/25/20 15:00,72.71, , , , 
2/25/20 15:10,70.86, , , , 
2/25/20 15:20,69.39, , , , 
2/25/20 15:30,68.02, , , , 
2/25/20 15:40,66.94, , , , 
2/25/20 15:50,66.03, , , , 
2/25/20 16:00,65.2, , , , 
2/25/20 16:10,64.47, , , , 
2/25/20 16:20,63.83, , , , 
2/25/20 16:30,63.15, , , , 
2/25/20 16:40,62.59, , , , 
2/25/20 16:50,62.11, , , , 
2/25/20 17:00,61.72, , , , 
2/25/20 17:10,61.3, , , , 
2/25/20 17:20,60.97, , , , 
2/25/20 17:30,60.66, , , , 
2/25/20 17:40,60.35, , , , 
2/25/20 17:50,59.97, , , , 
2/25/20 18:00,59.7, , , , 
2/25/20 18:10,59.43, , , , 
2/25/20 18:20,59.16, , , , 
2/25/20 18:30,58.83, , , , 
2/25/20 18:40,58.52, , , , 
2/25/20 18:50,58.25, , , , 
2/25/20 19:00,57.84, , , , 
2/25/20 19:10,57.52, , , , 
2/25/20 19:20,57.15, , , , 
2/25/20 19:30,56.69, , , , 
2/25/20 19:40,56.44, , , , 
2/25/20 19:50,56.01, , , , 
2/25/20 20:00,55.45, , , , 
2/25/20 20:10,55.03, , , , 
2/25/20 20:20,54.64, , , , 
2/25/20 20:30,54.22, , , , 
2/25/20 20:40,53.75, , , , 
2/25/20 20:50,53.6, , , , 
2/25/20 21:00,53.46, , , , 
2/25/20 21:10,53.4, , , , 
2/25/20 21:20,53.29, , , , 
2/25/20 21:30,53.08, , , , 
2/25/20 21:40,52.88, , , , 
2/25/20 21:50,52.61, , , , 
2/25/20 22:00,52.36, , , , 
2/25/20 22:10,52.17, , , , 
2/25/20 22:20,52, , , , 
2/25/20 22:30,51.78, , , , 
2/25/20 22:40,51.65, , , , 
2/25/20 22:50,51.42, , , , 
2/25/20 23:00,51.22, , , , 
2/25/20 23:10,50.99, , , , 
2/25/20 23:20,50.89, , , , 
2/25/20 23:30,50.72, , , , 
2/25/20 23:40,50.62, , , , 
2/25/20 23:50,50.57, , , , 
2/26/20 0:00,50.47, , , , 
2/26/20 0:10,50.43, , , , 
2/26/20 0:20,50.32, , , , 
2/26/20 0:30,50.08, , , , 
2/26/20 0:40,49.91, , , , 
2/26/20 0:50,49.68, , , , 
2/26/20 1:00,49.58, , , , 
2/26/20 1:10,49.54, , , , 
2/26/20 1:20,49.47, , , , 
2/26/20 1:30,49.45, , , , 
2/26/20 1:40,49.39, , , , 
2/26/20 1:50,49.37, , , , 
2/26/20 2:00,49.29, , , , 
2/26/20 2:10,49.16, , , , 
2/26/20 2:20,48.98, , , , 
2/26/20 2:30,48.85, , , , 
2/26/20 2:40,48.75, , , , 
2/26/20 2:50,48.69, , , , 
2/26/20 3:00,48.54, , , , 
2/26/20 3:10,48.39, , , , 
2/26/20 3:20,48.19, , , , 
2/26/20 3:30,48.06, , , , 
2/26/20 3:40,47.96, , , , 
2/26/20 3:50,47.77, , , , 
2/26/20 4:00,47.61, , , , 
2/26/20 4:10,47.57, , , , 
2/26/20 4:20,47.52, , , , 
2/26/20 4:30,47.44, , , , 
2/26/20 4:40,47.36, , , , 
2/26/20 4:50,47.28, , , , 
2/26/20 5:00,47.17, , , , 
2/26/20 5:10,47.09, , , , 
2/26/20 5:20,46.98, , , , 
2/26/20 5:30,46.88, , , , 
2/26/20 5:40,46.82, , , , 
2/26/20 5:50,46.96, , , , 
2/26/20 6:00,46.94, , , , 
2/26/20 6:10,46.96, , , , 
2/26/20 6:20,46.88, , , , 
2/26/20 6:30,46.8, , , , 
2/26/20 6:40,46.72, , , , 
2/26/20 6:50,46.65, , , , 
2/26/20 7:00,46.67, , , , 
2/26/20 7:10,46.76, , , , 
2/26/20 7:20,47.05, , , , 
2/26/20 7:30,47.44, , , , 
2/26/20 7:40,48.02, , , , 
2/26/20 7:50,48.75, , , , 
2/26/20 8:00,49.52, , , , 
2/26/20 8:10,50.43, , , , 
2/26/20 8:20,51.34, , , , 
2/26/20 8:30,52.46, , , , 
2/26/20 8:40,53.52, , , , 
2/26/20 8:50,54.68, , , , 
2/26/20 9:00,55.86, , , , 
2/26/20 9:10,57, , , , 
2/26/20 9:20,58.15, , , , 
2/26/20 9:30,59.27, , , , 
2/26/20 9:40,60.53, , , , 
2/26/20 9:50,61.69, , , , 
2/26/20 10:00,62.88, , , , 
2/26/20 10:10,64.04, , , , 
2/26/20 10:20,65.18, , , , 
2/26/20 10:30,66.24, , , , 
2/26/20 10:40,67.23, , , , 
2/26/20 10:50,68.04, , , , 
2/26/20 11:00,68.98, , , , 
2/26/20 11:10,69.85, , , , 
2/26/20 11:20,70.62, , , , 
2/26/20 11:30,71.49, , , , 
2/26/20 11:40,72.4, , , , 
2/26/20 11:50,73.29, , , , 
2/26/20 12:00,74.04, , , , 
2/26/20 12:10,74.85, , , , 
2/26/20 12:20,75.61, , , , 
2/26/20 12:30,76.28, , , , 
2/26/20 12:40,76.71, , , , 
2/26/20 12:50,77.01, , , , 
2/26/20 13:00,77.36, , , , 
2/26/20 13:10,77.81, , , , 
2/26/20 13:20,78.17, , , , 
2/26/20 13:30,78.37, , , , 
2/26/20 13:40,78.37, , , , 
2/26/20 13:50,78.1, , , , 
2/26/20 14:00,77.98, , , , 
2/26/20 14:10,77.81, , , , 
2/26/20 14:20,77.61, , , , 
2/26/20 14:30,77.38, , , , 
2/26/20 14:40,77.13, , , , 
2/26/20 14:50,76.74, , , , 
2/26/20 15:00,76.18, , , , 
2/26/20 15:10,73.95, , , , 
2/26/20 15:20,72.32, , , , 
2/26/20 15:30,70.93, , , , 
2/26/20 15:40,69.79, , , , 
2/26/20 15:50,68.77, , , , 
2/26/20 16:00,67.92, , , , 
2/26/20 16:10,67.09, , , , 
2/26/20 16:20,66.49, , , , 
2/26/20 16:30,65.8, , , , 
2/26/20 16:40,65.18, , , , 
2/26/20 16:50,64.58, , , , 
2/26/20 17:00,63.96, , , , 
2/26/20 17:10,63.5, , , , 
2/26/20 17:20,63.11, , , , 
2/26/20 17:30,62.69, , , , 
2/26/20 17:40,62.36, , , , 
2/26/20 17:50,61.94, , , , 
2/26/20 18:00,61.51, , , , 
2/26/20 18:10,61.11, , , , 
2/26/20 18:20,60.8, , , , 
2/26/20 18:30,60.43, , , , 
2/26/20 18:40,60.05, , , , 
2/26/20 18:50,59.64, , , , 
2/26/20 19:00,59.18, , , , 
2/26/20 19:10,58.75, , , , 
2/26/20 19:20,58.27, , , , 
2/26/20 19:30,58.02, , , , 
2/26/20 19:40,57.69, , , , 
2/26/20 19:50,57.28, , , , 
2/26/20 20:00,56.76, , , , 
2/26/20 20:10,56.36, , , , 
2/26/20 20:20,55.97, , , , 
2/26/20 20:30,55.61, , , , 
2/26/20 20:40,55.3, , , , 
2/26/20 20:50,55.12, , , , 
2/26/20 21:00,55.03, , , , 
2/26/20 21:10,54.97, , , , 
2/26/20 21:20,54.85, , , , 
2/26/20 21:30,54.76, , , , 
2/26/20 21:40,54.58, , , , 
2/26/20 21:50,54.27, , , , 
2/26/20 22:00,53.93, , , , 
2/26/20 22:10,53.67, , , , 
2/26/20 22:20,53.39, , , , 
2/26/20 22:30,53.11, , , , 
2/26/20 22:40,52.88, , , , 
2/26/20 22:50,52.67, , , , 
2/26/20 23:00,52.46, , , , 
2/26/20 23:10,52.27, , , , 
2/26/20 23:20,52.13, , , , 
2/26/20 23:30,52.03, , , , 
2/26/20 23:40,51.88, , , , 
2/26/20 23:50,51.71, , , , 
2/27/20 0:00,51.55, , , , 
2/27/20 0:10,52.57, , , , 
2/27/20 0:20,53.71, , , , 
2/27/20 0:30,53.89, , , , 
2/27/20 0:40,54.22, , , , 
2/27/20 0:50,54.23, , , , 
2/27/20 1:00,53.96, , , , 
2/27/20 1:10,54.2, , , , 
2/27/20 1:20,54.31, , , , 
2/27/20 1:30,54.04, , , , 
2/27/20 1:40,54.18, , , , 
2/27/20 1:50,54.18, , , , 
2/27/20 2:00,54.18, , , , 
2/27/20 2:10,54.14, , , , 
2/27/20 2:20,53.98, , , , 
2/27/20 2:30,53.83, , , , 
2/27/20 2:40,53.66, , , , 
2/27/20 2:50,53.44, , , , 
2/27/20 3:00,53.29, , , , 
2/27/20 3:10,53.08, , , , 
2/27/20 3:20,52.75, , , , 
2/27/20 3:30,52.44, , , , 
2/27/20 3:40,52.23, , , , 
2/27/20 3:50,52.07, , , , 
2/27/20 4:00,51.92, , , , 
2/27/20 4:10,51.8, , , , 
2/27/20 4:20,51.63, , , , 
2/27/20 4:30,51.55, , , , 
2/27/20 4:40,51.36, , , , 
2/27/20 4:50,51.17, , , , 
2/27/20 5:00,50.99, , , , 
2/27/20 5:10,50.82, , , , 
2/27/20 5:20,50.66, , , , 
2/27/20 5:30,50.51, , , , 
2/27/20 5:40,50.22, , , , 
2/27/20 5:50,50.1, , , , 
2/27/20 6:00,49.91, , , , 
2/27/20 6:10,49.72, , , , 
2/27/20 6:20,49.54, , , , 
2/27/20 6:30,49.39, , , , 
2/27/20 6:40,49.45, , , , 
2/27/20 6:50,49.29, , , , 
2/27/20 7:00,49.18, , , , 
2/27/20 7:10,49.22, , , , 
2/27/20 7:20,49.31, , , , 
2/27/20 7:30,49.68, , , , 
2/27/20 7:40,49.87, , , , 
2/27/20 7:50,50.32, , , , 
2/27/20 8:00,51.11, , , , 
2/27/20 8:10,51.69, , , , 
2/27/20 8:20,52.4, , , , 
2/27/20 8:30,53.02, , , , 
2/27/20 8:40,53.98, , , , 
2/27/20 8:50,54.89, , , , 
2/27/20 9:00,55.99, , , , 
2/27/20 9:10,57.19, , , , 
2/27/20 9:20,58.23, , , , 
2/27/20 9:30,59.33, , , , 
2/27/20 9:40,60.22, , , , 
2/27/20 9:50,61.2, , , , 
2/27/20 10:00,62.48, , , , 
2/27/20 10:10,63.83, , , , 
2/27/20 10:20,65.08, , , , 
2/27/20 10:30,66.26, , , , 
2/27/20 10:40,67.3, , , , 
2/27/20 10:50,67.98, , , , 
2/27/20 11:00,68.85, , , , 
2/27/20 11:10,69.72, , , , 
2/27/20 11:20,70.8, , , , 
2/27/20 11:30,71.65, , , , 
2/27/20 11:40,72.42, , , , 
2/27/20 11:50,72.83, , , , 
2/27/20 12:00,73.39, , , , 
2/27/20 12:10,70.97, , , , 
2/27/20 12:20,73.52, , , , 
2/27/20 12:30,75.26, , , , 
2/27/20 12:40,76.32, , , , 
2/27/20 12:50,76.96, , , , 
2/27/20 13:00,77.56, , , , 
2/27/20 13:10,77.79, , , , 
2/27/20 13:20,77.79, , , , 
2/27/20 13:30,77.77, , , , 
2/27/20 13:40,77.77, , , , 
2/27/20 13:50,77.15, , , , 
2/27/20 14:00,75.93, , , , 
2/27/20 14:10,76.01, , , , 
2/27/20 14:20,75.88, , , , 
2/27/20 14:30,75.91, , , , 
2/27/20 14:40,76.09, , , , 
2/27/20 14:50,75.93, , , , 
2/27/20 15:00,75.35, , , , 
2/27/20 15:10,73.77, , , , 
2/27/20 15:20,72.65, , , , 
2/27/20 15:30,71.51, , , , 
2/27/20 15:40,70.51, , , , 
2/27/20 15:50,69.58, , , , 
2/27/20 16:00,68.95, , , , 
2/27/20 16:10,68.33, , , , 
2/27/20 16:20,67.65, , , , 
2/27/20 16:30,67.09, , , , 
2/27/20 16:40,66.59, , , , 
2/27/20 16:50,66.05, , , , 
2/27/20 17:00,65.66, , , , 
2/27/20 17:10,65.12, , , , 
2/27/20 17:20,64.58, , , , 
2/27/20 17:30,64, , , , 
2/27/20 17:40,63.48, , , , 
2/27/20 17:50,62.94, , , , 
2/27/20 18:00,62.5, , , , 
2/27/20 18:10,62.07, , , , 
2/27/20 18:20,61.55, , , , 
2/27/20 18:30,61.09, , , , 
2/27/20 18:40,60.78, , , , 
2/27/20 18:50,60.45, , , , 
2/27/20 19:00,60.14, , , , 
2/27/20 19:10,59.85, , , , 
2/27/20 19:20,59.6, , , , 
2/27/20 19:30,59.27, , , , 
2/27/20 19:40,59, , , , 
2/27/20 19:50,58.81, , , , 
2/27/20 20:00,58.62, , , , 
2/27/20 20:10,58.4, , , , 
2/27/20 20:20,58.17, , , , 
2/27/20 20:30,58.02, , , , 
2/27/20 20:40,57.92, , , , 
2/27/20 20:50,57.69, , , , 
2/27/20 21:00,57.54, , , , 
2/27/20 21:10,57.3, , , , 
2/27/20 21:20,57.09, , , , 
2/27/20 21:30,56.88, , , , 
2/27/20 21:40,56.67, , , , 
2/27/20 21:50,56.49, , , , 
2/27/20 22:00,56.3, , , , 
2/27/20 22:10,56.17, , , , 
2/27/20 22:20,56.05, , , , 
2/27/20 22:30,55.91, , , , 
2/27/20 22:40,55.74, , , , 
2/27/20 22:50,55.64, , , , 
2/27/20 23:00,55.55, , , , 
2/27/20 23:10,55.43, , , , 
2/27/20 23:20,55.2, , , , 
2/27/20 23:30,55.41, , , , 
2/27/20 23:40,55.76, , , , 
2/27/20 23:50,55.93, , , , 
2/28/20 0:00,56.07, , , , 
2/28/20 0:10,56.09, , , , 
2/28/20 0:20,55.43, , , , 
2/28/20 0:30,55.47, , , , 
2/28/20 0:40,55.68, , , , 
2/28/20 0:50,55.3, , , , 
2/28/20 1:00,55.1, , , , 
2/28/20 1:10,55.12, , , , 
2/28/20 1:20,54.99, , , , 
2/28/20 1:30,55.16, , , , 
2/28/20 1:40,55.01, , , , 
2/28/20 1:50,54.87, , , , 
2/28/20 2:00,54.79, , , , 
2/28/20 2:10,54.78, , , , 
2/28/20 2:20,54.81, , , , 
2/28/20 2:30,54.93, , , , 
2/28/20 2:40,54.41, , , , 
2/28/20 2:50,54.47, , , , 
2/28/20 3:00,54.7, , , , 
2/28/20 3:10,54.81, , , , 
2/28/20 3:20,54.79, , , , 
2/28/20 3:30,54.74, , , , 
2/28/20 3:40,54.56, , , , 
2/28/20 3:50,54.39, , , , 
2/28/20 4:00,54.14, , , , 
2/28/20 4:10,54, , , , 
2/28/20 4:20,53.85, , , , 
2/28/20 4:30,53.62, , , , 
2/28/20 4:40,53.37, , , , 
2/28/20 4:50,53.15, , , , 
2/28/20 5:00,53.06, , , , 
2/28/20 5:10,52.96, , , , 
2/28/20 5:20,52.84, , , , 
2/28/20 5:30,52.79, , , , 
2/28/20 5:40,52.52, , , , 
2/28/20 5:50,52.4, , , , 
2/28/20 6:00,52.46, , , , 
2/28/20 6:10,52.23, , , , 
2/28/20 6:20,52.13, , , , 
2/28/20 6:30,51.98, , , , 
2/28/20 6:40,51.88, , , , 
2/28/20 6:50,51.82, , , , 
2/28/20 7:00,51.82, , , , 
2/28/20 7:10,51.84, , , , 
2/28/20 7:20,51.9, , , , 
2/28/20 7:30,52.11, , , , 
2/28/20 7:40,52.36, , , , 
2/28/20 7:50,52.88, , , , 
2/28/20 8:00,53.44, , , , 
2/28/20 8:10,53.96, , , , 
2/28/20 8:20,54.33, , , , 
2/28/20 8:30,55.37, , , , 
2/28/20 8:40,56.05, , , , 
2/28/20 8:50,56.74, , , , 
2/28/20 9:00,57.54, , , , 
2/28/20 9:10,58.54, , , , 
2/28/20 9:20,59.43, , , , 
2/28/20 9:30,60.82, , , , 
2/28/20 9:40,61.92, , , , 
2/28/20 9:50,62.38, , , , 
2/28/20 10:00,62.94, , , , 
2/28/20 10:10,64.27, , , , 
2/28/20 10:20,65.61, , , , 
2/28/20 10:30,66.11, , , , 
2/28/20 10:40,67.32, , , , 
2/28/20 10:50,68.67, , , , 
2/28/20 11:00,70.01, , , , 
2/28/20 11:10,70.53, , , , 
2/28/20 11:20,71.24, , , , 
2/28/20 11:30,72.57, , , , 
2/28/20 11:40,73.39, , , , 
2/28/20 11:50,74.25, , , , 
2/28/20 12:00,73.23, , , , 
2/28/20 12:10,74.2, , , , 
2/28/20 12:20,75.24, , , , 
2/28/20 12:30,75.8, , , , 
2/28/20 12:40,76.34, , , , 
2/28/20 12:50,76.63, , , , 
2/28/20 13:00,76.71, , , , 
2/28/20 13:10,76.78, , , , 
2/28/20 13:20,76.65, , , , 
2/28/20 13:30,76.69, , , , 
2/28/20 13:40,76.59, , , , 
2/28/20 13:50,76.18, , , , 
2/28/20 14:00,75.2, , , , 
2/28/20 14:10,74.02, , , , 
2/28/20 14:20,74.22, , , , 
2/28/20 14:30,74.22, , , , 
2/28/20 14:40,73.87, , , , 
2/28/20 14:50,73.12, , , , 
2/28/20 15:00,72.03, , , , 
2/28/20 15:10,71.01, , , , 
2/28/20 15:20,70.24, , , , 
2/28/20 15:30,69.31, , , , 
2/28/20 15:40,68.48, , , , 
2/28/20 15:50,67.92, , , , 
2/28/20 16:00,67.42, , , , 
2/28/20 16:10,66.96, , , , 
2/28/20 16:20,66.45, , , , 
2/28/20 16:30,65.95, , , , 
2/28/20 16:40,65.47, , , , 
2/28/20 16:50,64.99, , , , 
2/28/20 17:00,64.56, , , , 
2/28/20 17:10,64.14, , , , 
2/28/20 17:20,63.56, , , , 
2/28/20 17:30,63.06, , , , 
2/28/20 17:40,62.61, , , , 
2/28/20 17:50,62.17, , , , 
2/28/20 18:00,61.57, , , , 
2/28/20 18:10,60.99, , , , 
2/28/20 18:20,60.55, , , , 
2/28/20 18:30,60.1, , , , 
2/28/20 18:40,59.76, , , , 
2/28/20 18:50,59.5, , , , 
2/28/20 19:00,59.29, , , , 
2/28/20 19:10,59.12, , , , 
2/28/20 19:20,58.91, , , , 
2/28/20 19:30,58.69, , , , 
2/28/20 19:40,58.5, , , , 
2/28/20 19:50,58.31, , , , 
2/28/20 20:00,58.13, , , , 
2/28/20 20:10,57.96, , , , 
2/28/20 20:20,57.79, , , , 
2/28/20 20:30,57.59, , , , 
2/28/20 20:40,57.56, , , , 
2/28/20 20:50,57.57, , , , 
2/28/20 21:00,57.56, , , , 
2/28/20 21:10,57.44, , , , 
2/28/20 21:20,57.44, , , , 
2/28/20 21:30,57.34, , , , 
2/28/20 21:40,57.25, , , , 
2/28/20 21:50,57.15, , , , 
2/28/20 22:00,57.01, , , , 
2/28/20 22:10,56.94, , , , 
2/28/20 22:20,56.9, , , , 
2/28/20 22:30,56.88, , , , 
2/28/20 22:40,56.8, , , , 
2/28/20 22:50,56.8, , , , 
2/28/20 23:00,56.8, , , , 
2/28/20 23:10,56.76, , , , 
2/28/20 23:20,56.72, , , , 
2/28/20 23:30,56.72, , , , 
2/28/20 23:40,56.76, , , , 
2/28/20 23:50,56.71, , , , 
2/29/20 0:00,56.63, , , , 
2/29/20 0:10,56.61, , , , 
2/29/20 0:20,56.61, , , , 
2/29/20 0:30,56.57, , , , 
2/29/20 0:40,56.49, , , , 
2/29/20 0:50,56.47, , , , 
2/29/20 1:00,56.45, , , , 
2/29/20 1:10,56.47, , , , 
2/29/20 1:20,56.45, , , , 
2/29/20 1:30,56.44, , , , 
2/29/20 1:40,56.61, , , , 
2/29/20 1:50,56.65, , , , 
2/29/20 2:00,56.67, , , , 
2/29/20 2:10,55.47, , , , 
2/29/20 2:20,55.84, , , , 
2/29/20 2:30,55.97, , , , 
2/29/20 2:40,56.03, , , , 
2/29/20 2:50,55.55, , , , 
2/29/20 3:00,55.51, , , , 
2/29/20 3:10,55.7, , , , 
2/29/20 3:20,55.7, , , , 
2/29/20 3:30,55.74, , , , 
2/29/20 3:40,55.74, , , , 
2/29/20 3:50,55.68, , , , 
2/29/20 4:00,55.62, , , , 
2/29/20 4:10,55.55, , , , 
2/29/20 4:20,55.47, , , , 
2/29/20 4:30,55.45, , , , 
2/29/20 4:40,55.37, , , , 
2/29/20 4:50,55.32, , , , 
2/29/20 5:00,55.33, , , , 
2/29/20 5:10,55.24, , , , 
2/29/20 5:20,55.16, , , , 
2/29/20 5:30,55.12, , , , 
2/29/20 5:40,55.06, , , , 
2/29/20 5:50,55.01, , , , 
2/29/20 6:00,54.95, , , , 
2/29/20 6:10,54.89, , , , 
2/29/20 6:20,54.79, , , , 
2/29/20 6:30,54.68, , , , 
2/29/20 6:40,54.52, , , , 
2/29/20 6:50,54.37, , , , 
2/29/20 7:00,54.31, , , , 
2/29/20 7:10,54.2, , , , 
2/29/20 7:20,54.23, , , , 
2/29/20 7:30,54.5, , , , 
2/29/20 7:40,54.89, , , , 
2/29/20 7:50,55.1, , , , 
2/29/20 8:00,55.76, , , , 
2/29/20 8:10,55.78, , , , 
2/29/20 8:20,57.15, , , , 
2/29/20 8:30,58.15, , , , 
2/29/20 8:40,59.1, , , , 
2/29/20 8:50,60.16, , , , 
2/29/20 9:00,60.3, , , , 
2/29/20 9:10,61.88, , , , 
2/29/20 9:20,62.84, , , , 
2/29/20 9:30,64.12, , , , 
2/29/20 9:40,65.37, , , , 
2/29/20 9:50,66.36, , , , 
2/29/20 10:00,67.23, , , , 
2/29/20 10:10,68.15, , , , 
2/29/20 10:20,69.14, , , , 
2/29/20 10:30,70.06, , , , 
2/29/20 10:40,70.91, , , , 
2/29/20 10:50,71.76, , , , 
2/29/20 11:00,72.57, , , , 
2/29/20 11:10,73.23, , , , 
2/29/20 11:20,73.85, , , , 
2/29/20 11:30,74.41, , , , 
2/29/20 11:40,74.87, , , , 
2/29/20 11:50,75.24, , , , 
2/29/20 12:00,75.53, , , , 
2/29/20 12:10,75.8, , , , 
2/29/20 12:20,76.03, , , , 
2/29/20 12:30,76.18, , , , 
2/29/20 12:40,76.4, , , , 
2/29/20 12:50,76.59, , , , 
2/29/20 13:00,76.67, , , , 
2/29/20 13:10,76.74, , , , 
2/29/20 13:20,76.67, , , , 
2/29/20 13:30,76.63, , , , 
2/29/20 13:40,76.44, , , , 
2/29/20 13:50,76.22, , , , 
2/29/20 14:00,75.91, , , , 
2/29/20 14:10,75.62, , , , 
2/29/20 14:20,75.22, , , , 
2/29/20 14:30,74.91, , , , 
2/29/20 14:40,74.43, , , , 
2/29/20 14:50,73.83, , , , 
2/29/20 15:00,73.21, , , , 
2/29/20 15:10,70.95, , , , 
2/29/20 15:20,69.2, , , , 
2/29/20 15:30,67.84, , , , 
2/29/20 15:40,66.49, , , , 
2/29/20 15:50,65.43, , , , 
2/29/20 16:00,64.6, , , , 
2/29/20 16:10,63.89, , , , 
2/29/20 16:20,63.35, , , , 
2/29/20 16:30,62.65, , , , 
2/29/20 16:40,61.96, , , , 
2/29/20 16:50,61.44, , , , 
2/29/20 17:00,61.03, , , , 
2/29/20 17:10,60.61, , , , 
2/29/20 17:20,60.22, , , , 
2/29/20 17:30,59.79, , , , 
2/29/20 17:40,59.45, , , , 
2/29/20 17:50,59.04, , , , 
2/29/20 18:00,58.6, , , , 
2/29/20 18:10,58.13, , , , 
2/29/20 18:20,57.67, , , , 
2/29/20 18:30,57.32, , , , 
2/29/20 18:40,57.05, , , , 
2/29/20 18:50,56.76, , , , 
2/29/20 19:00,56.53, , , , 
2/29/20 19:10,56.18, , , , 
2/29/20 19:20,56.01, , , , 
2/29/20 19:30,55.74, , , , 
2/29/20 19:40,55.61, , , , 
2/29/20 19:50,55.35, , , , 
2/29/20 20:00,55.06, , , , 
2/29/20 20:10,54.81, , , , 
2/29/20 20:20,54.54, , , , 
2/29/20 20:30,54.41, , , , 
2/29/20 20:40,54.25, , , , 
2/29/20 20:50,54.14, , , , 
2/29/20 21:00,54.12, , , , 
2/29/20 21:10,53.98, , , , 
2/29/20 21:20,53.87, , , , 
2/29/20 21:30,53.75, , , , 
2/29/20 21:40,53.75, , , , 
2/29/20 21:50,53.69, , , , 
2/29/20 22:00,53.71, , , , 
2/29/20 22:10,53.67, , , , 
2/29/20 22:20,53.62, , , , 
2/29/20 22:30,53.56, , , , 
2/29/20 22:40,53.46, , , , 
2/29/20 22:50,53.35, , , , 
2/29/20 23:00,53.29, , , , 
2/29/20 23:10,53.13, , , , 
2/29/20 23:20,53.06, , , , 
2/29/20 23:30,52.88, , , , 
2/29/20 23:40,52.75, , , , 
2/29/20 23:50,52.57, , , , 
3/1/20 0:00,52.48, , , , 
3/1/20 0:10,52.28, , , , 
3/1/20 0:20,52.23, , , , 
3/1/20 0:30,52.9, , , , 
3/1/20 0:40,53.39, , , , 
3/1/20 0:50,53.66, , , , 
3/1/20 1:00,53.89, , , , 
3/1/20 1:10,53.83, , , , 
3/1/20 1:20,53.58, , , , 
3/1/20 1:30,53.69, , , , 
3/1/20 1:40,53.91, , , , 
3/1/20 1:50,53.67, , , , 
3/1/20 2:00,53.42, , , , 
3/1/20 2:10,53.58, , , , 
3/1/20 2:20,53.87, , , , 
3/1/20 2:30,53.37, , , , 
3/1/20 2:40,53.48, , , , 
3/1/20 2:50,53.29, , , , 
3/1/20 3:00,53.35, , , , 
3/1/20 3:10,53.21, , , , 
3/1/20 3:20,53.46, , , , 
3/1/20 3:30,53.19, , , , 
3/1/20 3:40,53.35, , , , 
3/1/20 3:50,53.5, , , , 
3/1/20 4:00,53.66, , , , 
3/1/20 4:10,53.69, , , , 
3/1/20 4:20,53.67, , , , 
3/1/20 4:30,53.64, , , , 
3/1/20 4:40,53.56, , , , 
3/1/20 4:50,53.44, , , , 
3/1/20 5:00,53.25, , , , 
3/1/20 5:10,53.1, , , , 
3/1/20 5:20,52.9, , , , 
3/1/20 5:30,52.81, , , , 
3/1/20 5:40,52.73, , , , 
3/1/20 5:50,52.5, , , , 
3/1/20 6:00,52.34, , , , 
3/1/20 6:10,52.27, , , , 
3/1/20 6:20,52.15, , , , 
3/1/20 6:30,52.07, , , , 
3/1/20 6:40,51.96, , , , 
3/1/20 6:50,51.8, , , , 
3/1/20 7:00,51.88, , , , 
3/1/20 7:10,51.84, , , , 
3/1/20 7:20,51.92, , , , 
3/1/20 7:30,51.94, , , , 
3/1/20 7:40,52.13, , , , 
3/1/20 7:50,52.03, , , , 
3/1/20 8:00,51.96, , , , 
3/1/20 8:10,52.07, , , , 
3/1/20 8:20,52.96, , , , 
3/1/20 8:30,54.37, , , , 
3/1/20 8:40,55.03, , , , 
3/1/20 8:50,54.97, , , , 
3/1/20 9:00,55.14, , , , 
3/1/20 9:10,55.89, , , , 
3/1/20 9:20,55.99, , , , 
3/1/20 9:30,56.15, , , , 
3/1/20 9:40,56.51, , , , 
3/1/20 9:50,57.07, , , , 
3/1/20 10:00,57.5, , , , 
3/1/20 10:10,57.88, , , , 
3/1/20 10:20,58.39, , , , 
3/1/20 10:30,58.83, , , , 
3/1/20 10:40,59.64, , , , 
3/1/20 10:50,60.61, , , , 
3/1/20 11:00,61.45, , , , 
3/1/20 11:10,62.05, , , , 
3/1/20 11:20,62.65, , , , 
3/1/20 11:30,62.79, , , , 
3/1/20 11:40,62.65, , , , 
3/1/20 11:50,62.5, , , , 
3/1/20 12:00,62.21, , , , 
3/1/20 12:10,61.98, , , , 
3/1/20 12:20,61.78, , , , 
3/1/20 12:30,61.84, , , , 
3/1/20 12:40,61.92, , , , 
3/1/20 12:50,62.23, , , , 
3/1/20 13:00,62.52, , , , 
3/1/20 13:10,63.13, , , , 
3/1/20 13:20,63.42, , , , 
3/1/20 13:30,63.42, , , , 
3/1/20 13:40,63.87, , , , 
3/1/20 13:50,63.54, , , , 
3/1/20 14:00,63.25, , , , 
3/1/20 14:10,62.98, , , , 
3/1/20 14:20,62.96, , , , 
3/1/20 14:30,62.5, , , , 
3/1/20 14:40,62.38, , , , 
3/1/20 14:50,61.94, , , , 
3/1/20 15:00,61.59, , , , 
3/1/20 15:10,61.4, , , , 
3/1/20 15:20,61.18, , , , 
3/1/20 15:30,60.99, , , , 
3/1/20 15:40,60.74, , , , 
3/1/20 15:50,60.51, , , , 
3/1/20 16:00,60.28, , , , 
3/1/20 16:10,60.01, , , , 
3/1/20 16:20,59.62, , , , 
3/1/20 16:30,59.37, , , , 
3/1/20 16:40,59.12, , , , 
3/1/20 16:50,58.83, , , , 
3/1/20 17:00,58.5, , , , 
3/1/20 17:10,58.23, , , , 
3/1/20 17:20,57.77, , , , 
3/1/20 17:30,57.32, , , , 
3/1/20 17:40,56.94, , , , 
3/1/20 17:50,56.57, , , , 
3/1/20 18:00,56.18, , , , 
3/1/20 18:10,55.76, , , , 
3/1/20 18:20,55.33, , , , 
3/1/20 18:30,55.03, , , , 
3/1/20 18:40,54.66, , , , 
3/1/20 18:50,54.33, , , , 
3/1/20 19:00,53.83, , , , 
3/1/20 19:10,53.48, , , , 
3/1/20 19:20,53.1, , , , 
3/1/20 19:30,52.77, , , , 
3/1/20 19:40,52.48, , , , 
3/1/20 19:50,52.17, , , , 
3/1/20 20:00,51.86, , , , 
3/1/20 20:10,51.55, , , , 
3/1/20 20:20,51.18, , , , 
3/1/20 20:30,50.84, , , , 
3/1/20 20:40,50.59, , , , 
3/1/20 20:50,50.26, , , , 
3/1/20 21:00,49.95, , , , 
3/1/20 21:10,49.72, , , , 
3/1/20 21:20,49.47, , , , 
3/1/20 21:30,49.39, , , , 
3/1/20 21:40,49.25, , , , 
3/1/20 21:50,49.04, , , , 
3/1/20 22:00,48.89, , , , 
3/1/20 22:10,48.75, , , , 
3/1/20 22:20,48.64, , , , 
3/1/20 22:30,48.44, , , , 
3/1/20 22:40,48.25, , , , 
3/1/20 22:50,48.17, , , , 
3/1/20 23:00,48.02, , , , 
3/1/20 23:10,47.83, , , , 
3/1/20 23:20,47.63, , , , 
3/1/20 23:30,47.57, , , , 
3/1/20 23:40,47.46, , , , 
3/1/20 23:50,47.46, , , , 
3/2/20 0:00,47.38, , , , 
3/2/20 0:10,47.28, , , , 
3/2/20 0:20,49.35, , , , 
3/2/20 0:30,49.79, , , , 
3/2/20 0:40,50.1, , , , 
3/2/20 0:50,50.24, , , , 
3/2/20 1:00,50.8, , , , 
3/2/20 1:10,51.17, , , , 
3/2/20 1:20,51.11, , , , 
3/2/20 1:30,51.18, , , , 
3/2/20 1:40,51.09, , , , 
3/2/20 1:50,51.53, , , , 
3/2/20 2:00,52.05, , , , 
3/2/20 2:10,52.4, , , , 
3/2/20 2:20,52.11, , , , 
3/2/20 2:30,52.4, , , , 
3/2/20 2:40,52.27, , , , 
3/2/20 2:50,52.42, , , , 
3/2/20 3:00,52.28, , , , 
3/2/20 3:10,52.4, , , , 
3/2/20 3:20,52.59, , , , 
3/2/20 3:30,52.09, , , , 
3/2/20 3:40,52.38, , , , 
3/2/20 3:50,52.69, , , , 
3/2/20 4:00,52.69, , , , 
3/2/20 4:10,52.63, , , , 
3/2/20 4:20,52.42, , , , 
3/2/20 4:30,52.36, , , , 
3/2/20 4:40,52.11, , , , 
3/2/20 4:50,52.27, , , , 
3/2/20 5:00,52.17, , , , 
3/2/20 5:10,51.57, , , , 
3/2/20 5:20,50.66, , , , 
3/2/20 5:30,49.97, , , , 
3/2/20 5:40,49.6, , , , 
3/2/20 5:50,49.14, , , , 
3/2/20 6:00,48.62, , , , 
3/2/20 6:10,48.23, , , , 
3/2/20 6:20,47.83, , , , 
3/2/20 6:30,47.4, , , , 
3/2/20 6:40,46.9, , , , 
3/2/20 6:50,46.47, , , , 
3/2/20 7:00,46.32, , , , 
3/2/20 7:10,46.34, , , , 
3/2/20 7:20,46.57, , , , 
3/2/20 7:30,46.98, , , , 
3/2/20 7:40,47.67, , , , 
3/2/20 7:50,48.44, , , , 
3/2/20 8:00,49.25, , , , 
3/2/20 8:10,50.26, , , , 
3/2/20 8:20,51.32, , , , 
3/2/20 8:30,52.44, , , , 
3/2/20 8:40,53.64, , , , 
3/2/20 8:50,54.91, , , , 
3/2/20 9:00,56.2, , , , 
3/2/20 9:10,57.48, , , , 
3/2/20 9:20,58.79, , , , 
3/2/20 9:30,60.03, , , , 
3/2/20 9:40,61.01, , , , 
3/2/20 9:50,61.94, , , , 
3/2/20 10:00,62.84, , , , 
3/2/20 10:10,63.67, , , , 
3/2/20 10:20,64.72, , , , 
3/2/20 10:30,65.7, , , , 
3/2/20 10:40,66.44, , , , 
3/2/20 10:50,67.05, , , , 
3/2/20 11:00,67.83, , , , 
3/2/20 11:10,68.81, , , , 
3/2/20 11:20,69.22, , , , 
3/2/20 11:30,69.91, , , , 
3/2/20 11:40,70.64, , , , 
3/2/20 11:50,71.26, , , , 
3/2/20 12:00,71.71, , , , 
3/2/20 12:10,72.28, , , , 
3/2/20 12:20,72.77, , , , 
3/2/20 12:30,73.42, , , , 
3/2/20 12:40,73.54, , , , 
3/2/20 12:50,73.62, , , , 
3/2/20 13:00,73.95, , , , 
3/2/20 13:10,74.7, , , , 
3/2/20 13:20,75.16, , , , 
3/2/20 13:30,75.3, , , , 
3/2/20 13:40,74.99, , , , 
3/2/20 13:50,75.03, , , , 
3/2/20 14:00,75.05, , , , 
3/2/20 14:10,74.97, , , , 
3/2/20 14:20,74.87, , , , 
3/2/20 14:30,74.56, , , , 
3/2/20 14:40,74.52, , , , 
3/2/20 14:50,74.14, , , , 
3/2/20 15:00,73.44, , , , 
3/2/20 15:10,71.22, , , , 
3/2/20 15:20,69.43, , , , 
3/2/20 15:30,67.94, , , , 
3/2/20 15:40,66.74, , , , 
3/2/20 15:50,65.59, , , , 
3/2/20 16:00,64.64, , , , 
3/2/20 16:10,63.79, , , , 
3/2/20 16:20,63.08, , , , 
3/2/20 16:30,62.48, , , , 
3/2/20 16:40,61.76, , , , 
3/2/20 16:50,61.22, , , , 
3/2/20 17:00,60.62, , , , 
3/2/20 17:10,60.22, , , , 
3/2/20 17:20,59.81, , , , 
3/2/20 17:30,59.43, , , , 
3/2/20 17:40,59.12, , , , 
3/2/20 17:50,58.75, , , , 
3/2/20 18:00,58.37, , , , 
3/2/20 18:10,58.02, , , , 
3/2/20 18:20,57.65, , , , 
3/2/20 18:30,57.28, , , , 
3/2/20 18:40,57.03, , , , 
3/2/20 18:50,56.82, , , , 
3/2/20 19:00,56.55, , , , 
3/2/20 19:10,56.3, , , , 
3/2/20 19:20,56.07, , , , 
3/2/20 19:30,55.88, , , , 
3/2/20 19:40,55.64, , , , 
3/2/20 19:50,55.49, , , , 
3/2/20 20:00,55.26, , , , 
3/2/20 20:10,55.12, , , , 
3/2/20 20:20,55.01, , , , 
3/2/20 20:30,54.79, , , , 
3/2/20 20:40,54.49, , , , 
3/2/20 20:50,54.31, , , , 
3/2/20 21:00,54.1, , , , 
3/2/20 21:10,53.93, , , , 
3/2/20 21:20,53.58, , , , 
3/2/20 21:30,53.31, , , , 
3/2/20 21:40,53.06, , , , 
3/2/20 21:50,52.65, , , , 
3/2/20 22:00,52.5, , , , 
3/2/20 22:10,52.27, , , , 
3/2/20 22:20,52.07, , , , 
3/2/20 22:30,51.96, , , , 
3/2/20 22:40,51.72, , , , 
3/2/20 22:50,51.61, , , , 
3/2/20 23:00,51.47, , , , 
3/2/20 23:10,51.32, , , , 
3/2/20 23:20,51.13, , , , 
3/2/20 23:30,50.91, , , , 
3/2/20 23:40,50.84, , , , 
3/2/20 23:50,50.57, , , , 
3/3/20 0:00,50.33, , , , 
3/3/20 0:10,50.14, , , , 
3/3/20 0:20,49.99, , , , 
3/3/20 0:30,49.83, , , , 
3/3/20 0:40,49.74, , , , 
3/3/20 0:50,49.6, , , , 
3/3/20 1:00,49.58, , , , 
3/3/20 1:10,49.43, , , , 
3/3/20 1:20,49.29, , , , 
3/3/20 1:30,49.1, , , , 
3/3/20 1:40,49.08, , , , 
3/3/20 1:50,48.96, , , , 
3/3/20 2:00,48.81, , , , 
3/3/20 2:10,48.67, , , , 
3/3/20 2:20,48.85, , , , 
3/3/20 2:30,51.07, , , , 
3/3/20 2:40,51.22, , , , 
3/3/20 2:50,51.4, , , , 
3/3/20 3:00,51.51, , , , 
3/3/20 3:10,52.23, , , , 
3/3/20 3:20,52.36, , , , 
3/3/20 3:30,52.13, , , , 
3/3/20 3:40,52.07, , , , 
3/3/20 3:50,52.01, , , , 
3/3/20 4:00,51.96, , , , 
3/3/20 4:10,52.48, , , , 
3/3/20 4:20,52.34, , , , 
3/3/20 4:30,52.42, , , , 
3/3/20 4:40,52.05, , , , 
3/3/20 4:50,51.78, , , , 
3/3/20 5:00,51.96, , , , 
3/3/20 5:10,51.67, , , , 
3/3/20 5:20,51.42, , , , 
3/3/20 5:30,51.34, , , , 
3/3/20 5:40,51.42, , , , 
3/3/20 5:50,51.55, , , , 
3/3/20 6:00,51.18, , , , 
3/3/20 6:10,51.11, , , , 
3/3/20 6:20,51.07, , , , 
3/3/20 6:30,50.8, , , , 
3/3/20 6:40,50.53, , , , 
3/3/20 6:50,50.57, , , , 
3/3/20 7:00,50.61, , , , 
3/3/20 7:10,50.7, , , , 
3/3/20 7:20,50.76, , , , 
3/3/20 7:30,51.07, , , , 
3/3/20 7:40,51.55, , , , 
3/3/20 7:50,52.09, , , , 
3/3/20 8:00,52.79, , , , 
3/3/20 8:10,53.58, , , , 
3/3/20 8:20,54.62, , , , 
3/3/20 8:30,55.64, , , , 
3/3/20 8:40,56.69, , , , 
3/3/20 8:50,57.77, , , , 
3/3/20 9:00,58.93, , , , 
3/3/20 9:10,59.91, , , , 
3/3/20 9:20,60.93, , , , 
3/3/20 9:30,61.94, , , , 
3/3/20 9:40,63.04, , , , 
3/3/20 9:50,64.16, , , , 
3/3/20 10:00,65.22, , , , 
3/3/20 10:10,66.32, , , , 
3/3/20 10:20,67.42, , , , 
3/3/20 10:30,68.33, , , , 
3/3/20 10:40,69.33, , , , 
3/3/20 10:50,70.26, , , , 
3/3/20 11:00,70.86, , , , 
3/3/20 11:10,71.57, , , , 
3/3/20 11:20,72.23, , , , 
3/3/20 11:30,72.65, , , , 
3/3/20 11:40,73.25, , , , 
3/3/20 11:50,73.85, , , , 
3/3/20 12:00,74.23, , , , 
3/3/20 12:10,74.54, , , , 
3/3/20 12:20,74.87, , , , 
3/3/20 12:30,74.89, , , , 
3/3/20 12:40,75.03, , , , 
3/3/20 12:50,75.16, , , , 
3/3/20 13:00,75.32, , , , 
3/3/20 13:10,75.39, , , , 
3/3/20 13:20,75.51, , , , 
3/3/20 13:30,75.62, , , , 
3/3/20 13:40,75.72, , , , 
3/3/20 13:50,75.62, , , , 
3/3/20 14:00,75.55, , , , 
3/3/20 14:10,75.68, , , , 
3/3/20 14:20,75.74, , , , 
3/3/20 14:30,75.88, , , , 
3/3/20 14:40,75.88, , , , 
3/3/20 14:50,75.86, , , , 
3/3/20 15:00,75.2, , , , 
3/3/20 15:10,73.25, , , , 
3/3/20 15:20,71.63, , , , 
3/3/20 15:30,70.16, , , , 
3/3/20 15:40,69.08, , , , 
3/3/20 15:50,68.06, , , , 
3/3/20 16:00,67.27, , , , 
3/3/20 16:10,66.53, , , , 
3/3/20 16:20,65.89, , , , 
3/3/20 16:30,65.26, , , , 
3/3/20 16:40,64.7, , , , 
3/3/20 16:50,64.14, , , , 
3/3/20 17:00,63.73, , , , 
3/3/20 17:10,63.33, , , , 
3/3/20 17:20,62.96, , , , 
3/3/20 17:30,62.5, , , , 
3/3/20 17:40,62.09, , , , 
3/3/20 17:50,61.69, , , , 
3/3/20 18:00,61.32, , , , 
3/3/20 18:10,60.95, , , , 
3/3/20 18:20,60.57, , , , 
3/3/20 18:30,60.3, , , , 
3/3/20 18:40,59.97, , , , 
3/3/20 18:50,59.58, , , , 
3/3/20 19:00,59.39, , , , 
3/3/20 19:10,59.06, , , , 
3/3/20 19:20,58.77, , , , 
3/3/20 19:30,58.42, , , , 
3/3/20 19:40,58.23, , , , 
3/3/20 19:50,57.98, , , , 
3/3/20 20:00,57.75, , , , 
3/3/20 20:10,57.4, , , , 
3/3/20 20:20,57.19, , , , 
3/3/20 20:30,56.88, , , , 
3/3/20 20:40,56.61, , , , 
3/3/20 20:50,56.34, , , , 
3/3/20 21:00,56.01, , , , 
3/3/20 21:10,55.76, , , , 
3/3/20 21:20,55.53, , , , 
3/3/20 21:30,55.32, , , , 
3/3/20 21:40,55.08, , , , 
3/3/20 21:50,54.87, , , , 
3/3/20 22:00,54.66, , , , 
3/3/20 22:10,54.45, , , , 
3/3/20 22:20,54.18, , , , 
3/3/20 22:30,54, , , , 
3/3/20 22:40,53.75, , , , 
3/3/20 22:50,53.6, , , , 
3/3/20 23:00,53.39, , , , 
3/3/20 23:10,53.15, , , , 
3/3/20 23:20,52.94, , , , 
3/3/20 23:30,52.81, , , , 
3/3/20 23:40,52.69, , , , 
3/3/20 23:50,52.46, , , , 
3/4/20 0:00,52.27, , , , 
3/4/20 0:10,52.11, , , , 
3/4/20 0:20,51.94, , , , 
3/4/20 0:30,51.86, , , , 
3/4/20 0:40,51.72, , , , 
3/4/20 0:50,51.57, , , , 
3/4/20 1:00,51.38, , , , 
3/4/20 1:10,51.22, , , , 
3/4/20 1:20,51.11, , , , 
3/4/20 1:30,50.95, , , , 
3/4/20 1:40,50.88, , , , 
3/4/20 1:50,50.8, , , , 
3/4/20 2:00,50.62, , , , 
3/4/20 2:10,50.53, , , , 
3/4/20 2:20,50.41, , , , 
3/4/20 2:30,50.33, , , , 
3/4/20 2:40,50.22, , , , 
3/4/20 2:50,50.06, , , , 
3/4/20 3:00,50.03, , , , 
3/4/20 3:10,51.15, , , , 
3/4/20 3:20,51.94, , , , 
3/4/20 3:30,52.79, , , , 
3/4/20 3:40,53.17, , , , 
3/4/20 3:50,53.23, , , , 
3/4/20 4:00,53.37, , , , 
3/4/20 4:10,53.11, , , , 
3/4/20 4:20,53.64, , , , 
3/4/20 4:30,53.23, , , , 
3/4/20 4:40,53.08, , , , 
3/4/20 4:50,53.42, , , , 
3/4/20 5:00,53.08, , , , 
3/4/20 5:10,53.35, , , , 
3/4/20 5:20,53.71, , , , 
3/4/20 5:30,53.42, , , , 
3/4/20 5:40,53.67, , , , 
3/4/20 5:50,53.46, , , , 
3/4/20 6:00,53.58, , , , 
3/4/20 6:10,53.27, , , , 
3/4/20 6:20,53.17, , , , 
3/4/20 6:30,52.94, , , , 
3/4/20 6:40,52.5, , , , 
3/4/20 6:50,53.04, , , , 
3/4/20 7:00,53.19, , , , 
3/4/20 7:10,52.9, , , , 
3/4/20 7:20,52.96, , , , 
3/4/20 7:30,53.1, , , , 
3/4/20 7:40,53.35, , , , 
3/4/20 7:50,53.77, , , , 
3/4/20 8:00,54.37, , , , 
3/4/20 8:10,55.06, , , , 
3/4/20 8:20,55.89, , , , 
3/4/20 8:30,56.86, , , , 
3/4/20 8:40,57.92, , , , 
3/4/20 8:50,59.04, , , , 
3/4/20 9:00,60.22, , , , 
3/4/20 9:10,61.44, , , , 
3/4/20 9:20,62.32, , , , 
3/4/20 9:30,63.52, , , , 
3/4/20 9:40,64.49, , , , 
3/4/20 9:50,65.66, , , , 
3/4/20 10:00,66.59, , , , 
3/4/20 10:10,67.59, , , , 
3/4/20 10:20,68.4, , , , 
3/4/20 10:30,69.54, , , , 
3/4/20 10:40,70.68, , , , 
3/4/20 10:50,71.78, , , , 
3/4/20 11:00,72.86, , , , 
3/4/20 11:10,73.79, , , , 
3/4/20 11:20,74.64, , , , 
3/4/20 11:30,75.22, , , , 
3/4/20 11:40,75.57, , , , 
3/4/20 11:50,75.8, , , , 
3/4/20 12:00,76.36, , , , 
3/4/20 12:10,77.05, , , , 
3/4/20 12:20,77.88, , , , 
3/4/20 12:30,78.66, , , , 
3/4/20 12:40,79.25, , , , 
3/4/20 12:50,79.97, , , , 
3/4/20 13:00,80.47, , , , 
3/4/20 13:10,80.84, , , , 
3/4/20 13:20,80.88, , , , 
3/4/20 13:30,80.76, , , , 
3/4/20 13:40,80.62, , , , 
3/4/20 13:50,80.39, , , , 
3/4/20 14:00,80.18, , , , 
3/4/20 14:10,79.89, , , , 
3/4/20 14:20,79.37, , , , 
3/4/20 14:30,78.85, , , , 
3/4/20 14:40,78.29, , , , 
3/4/20 14:50,77.69, , , , 
3/4/20 15:00,76.49, , , , 
3/4/20 15:10,74.51, , , , 
3/4/20 15:20,73, , , , 
3/4/20 15:30,72.17, , , , 
3/4/20 15:40,71.76, , , , 
3/4/20 15:50,71.32, , , , 
3/4/20 16:00,70.72, , , , 
3/4/20 16:10,70.01, , , , 
3/4/20 16:20,69.47, , , , 
3/4/20 16:30,68.67, , , , 
3/4/20 16:40,68.11, , , , 
3/4/20 16:50,67.48, , , , 
3/4/20 17:00,67.01, , , , 
3/4/20 17:10,66.59, , , , 
3/4/20 17:20,66.18, , , , 
3/4/20 17:30,65.72, , , , 
3/4/20 17:40,65.22, , , , 
3/4/20 17:50,64.7, , , , 
3/4/20 18:00,64.31, , , , 
3/4/20 18:10,63.91, , , , 
3/4/20 18:20,63.48, , , , 
3/4/20 18:30,63.15, , , , 
3/4/20 18:40,62.86, , , , 
3/4/20 18:50,62.42, , , , 
3/4/20 19:00,62, , , , 
3/4/20 19:10,61.67, , , , 
3/4/20 19:20,61.38, , , , 
3/4/20 19:30,61.03, , , , 
3/4/20 19:40,60.82, , , , 
3/4/20 19:50,60.7, , , , 
3/4/20 20:00,60.62, , , , 
3/4/20 20:10,60.49, , , , 
3/4/20 20:20,60.43, , , , 
3/4/20 20:30,60.37, , , , 
3/4/20 20:40,60.24, , , , 
3/4/20 20:50,60.14, , , , 
3/4/20 21:00,60.03, , , , 
3/4/20 21:10,59.99, , , , 
3/4/20 21:20,59.85, , , , 
3/4/20 21:30,59.74, , , , 
3/4/20 21:40,59.58, , , , 
3/4/20 21:50,59.49, , , , 
3/4/20 22:00,59.39, , , , 
3/4/20 22:10,59.31, , , , 
3/4/20 22:20,59.22, , , , 
3/4/20 22:30,59.12, , , , 
3/4/20 22:40,58.96, , , , 
3/4/20 22:50,58.87, , , , 
3/4/20 23:00,58.64, , , , 
3/4/20 23:10,58.56, , , , 
3/4/20 23:20,58.52, , , , 
3/4/20 23:30,58.46, , , , 
3/4/20 23:40,58.42, , , , 
3/4/20 23:50,58.31, , , , 
3/5/20 0:00,58.27, , , , 
3/5/20 0:10,58.21, , , , 
3/5/20 0:20,58.23, , , , 
3/5/20 0:30,58.21, , , , 
3/5/20 0:40,58.21, , , , 
3/5/20 0:50,58.13, , , , 
3/5/20 1:00,58.15, , , , 
3/5/20 1:10,58.1, , , , 
3/5/20 1:20,58.02, , , , 
3/5/20 1:30,57.92, , , , 
3/5/20 1:40,57.9, , , , 
3/5/20 1:50,57.83, , , , 
3/5/20 2:00,57.75, , , , 
3/5/20 2:10,57.69, , , , 
3/5/20 2:20,57.61, , , , 
3/5/20 2:30,57.57, , , , 
3/5/20 2:40,57.54, , , , 
3/5/20 2:50,57.5, , , , 
3/5/20 3:00,57.4, , , , 
3/5/20 3:10,57.38, , , , 
3/5/20 3:20,57.3, , , , 
3/5/20 3:30,57.28, , , , 
3/5/20 3:40,57.23, , , , 
3/5/20 3:50,57.25, , , , 
3/5/20 4:00,57.23, , , , 
3/5/20 4:10,57.15, , , , 
3/5/20 4:20,57.05, , , , 
3/5/20 4:30,56.8, , , , 
3/5/20 4:40,56.47, , , , 
3/5/20 4:50,56.45, , , , 
3/5/20 5:00,56.11, , , , 
3/5/20 5:10,55.99, , , , 
3/5/20 5:20,55.93, , , , 
3/5/20 5:30,55.88, , , , 
3/5/20 5:40,55.82, , , , 
3/5/20 5:50,55.84, , , , 
3/5/20 6:00,55.8, , , , 
3/5/20 6:10,55.78, , , , 
3/5/20 6:20,55.76, , , , 
3/5/20 6:30,55.72, , , , 
3/5/20 6:40,55.72, , , , 
3/5/20 6:50,55.7, , , , 
3/5/20 7:00,55.72, , , , 
3/5/20 7:10,55.78, , , , 
3/5/20 7:20,55.86, , , , 
3/5/20 7:30,56.03, , , , 
3/5/20 7:40,56.28, , , , 
3/5/20 7:50,56.45, , , , 
3/5/20 8:00,56.55, , , , 
3/5/20 8:10,57.07, , , , 
3/5/20 8:20,57.44, , , , 
3/5/20 8:30,57.71, , , , 
3/5/20 8:40,58, , , , 
3/5/20 8:50,58.13, , , , 
3/5/20 9:00,58.37, , , , 
3/5/20 9:10,58.52, , , , 
3/5/20 9:20,58.73, , , , 
3/5/20 9:30,58.73, , , , 
3/5/20 9:40,58.96, , , , 
3/5/20 9:50,59.2, , , , 
3/5/20 10:00,59.47, , , , 
3/5/20 10:10,59.89, , , , 
3/5/20 10:20,60.14, , , , 
3/5/20 10:30,60.51, , , , 
3/5/20 10:40,60.84, , , , 
3/5/20 10:50,61.13, , , , 
3/5/20 11:00,61.71, , , , 
3/5/20 11:10,62.01, , , , 
3/5/20 11:20,62.63, , , , 
3/5/20 11:30,63.13, , , , 
3/5/20 11:40,63.6, , , , 
3/5/20 11:50,63.81, , , , 
3/5/20 12:00,64.39, , , , 
3/5/20 12:10,64.99, , , , 
3/5/20 12:20,65.59, , , , 
3/5/20 12:30,66.61, , , , 
3/5/20 12:40,67, , , , 
3/5/20 12:50,67.19, , , , 
3/5/20 13:00,67.9, , , , 
3/5/20 13:10,68, , , , 
3/5/20 13:20,67.9, , , , 
3/5/20 13:30,67.92, , , , 
3/5/20 13:40,68.4, , , , 
3/5/20 13:50,69.2, , , , 
3/5/20 14:00,68.96, , , , 
3/5/20 14:10,69.54, , , , 
3/5/20 14:20,70.14, , , , 
3/5/20 14:30,70.61, , , , 
3/5/20 14:40,70.88, , , , 
3/5/20 14:50,71.38, , , , 
3/5/20 15:00,71.32, , , , 
3/5/20 15:10,69.85, , , , 
3/5/20 15:20,68.93, , , , 
3/5/20 15:30,68.25, , , , 
3/5/20 15:40,67.84, , , , 
3/5/20 15:50,67.52, , , , 
3/5/20 16:00,67.21, , , , 
3/5/20 16:10,66.84, , , , 
3/5/20 16:20,66.44, , , , 
3/5/20 16:30,66.07, , , , 
3/5/20 16:40,65.57, , , , 
3/5/20 16:50,65.22, , , , 
3/5/20 17:00,64.83, , , , 
3/5/20 17:10,64.45, , , , 
3/5/20 17:20,63.96, , , , 
3/5/20 17:30,63.52, , , , 
3/5/20 17:40,63.13, , , , 
3/5/20 17:50,62.69, , , , 
3/5/20 18:00,62.28, , , , 
3/5/20 18:10,61.71, , , , 
3/5/20 18:20,61.4, , , , 
3/5/20 18:30,61.13, , , , 
3/5/20 18:40,60.86, , , , 
3/5/20 18:50,60.61, , , , 
3/5/20 19:00,60.37, , , , 
3/5/20 19:10,60.16, , , , 
3/5/20 19:20,59.99, , , , 
3/5/20 19:30,59.79, , , , 
3/5/20 19:40,59.64, , , , 
3/5/20 19:50,59.5, , , , 
3/5/20 20:00,59.35, , , , 
3/5/20 20:10,59.23, , , , 
3/5/20 20:20,59.14, , , , 
3/5/20 20:30,59.06, , , , 
3/5/20 20:40,58.93, , , , 
3/5/20 20:50,58.81, , , , 
3/5/20 21:00,58.71, , , , 
3/5/20 21:10,58.58, , , , 
3/5/20 21:20,58.54, , , , 
3/5/20 21:30,58.42, , , , 
3/5/20 21:40,58.27, , , , 
3/5/20 21:50,58.21, , , , 
3/5/20 22:00,58.13, , , , 
3/5/20 22:10,58.08, , , , 
3/5/20 22:20,58, , , , 
3/5/20 22:30,57.98, , , , 
3/5/20 22:40,57.9, , , , 
3/5/20 22:50,57.88, , , , 
3/5/20 23:00,57.81, , , , 
3/5/20 23:10,57.73, , , , 
3/5/20 23:20,57.69, , , , 
3/5/20 23:30,57.63, , , , 
3/5/20 23:40,57.59, , , , 
3/5/20 23:50,57.52, , , , 
3/6/20 0:00,57.46, , , , 
3/6/20 0:10,57.38, , , , 
3/6/20 0:20,57.32, , , , 
3/6/20 0:30,57.23, , , , 
3/6/20 0:40,57.21, , , , 
3/6/20 0:50,57.15, , , , 
3/6/20 1:00,57.09, , , , 
3/6/20 1:10,57.03, , , , 
3/6/20 1:20,57, , , , 
3/6/20 1:30,56.88, , , , 
3/6/20 1:40,56.74, , , , 
3/6/20 1:50,56.65, , , , 
3/6/20 2:00,56.65, , , , 
3/6/20 2:10,56.57, , , , 
3/6/20 2:20,56.45, , , , 
3/6/20 2:30,56.47, , , , 
3/6/20 2:40,56.42, , , , 
3/6/20 2:50,56.34, , , , 
3/6/20 3:00,56.3, , , , 
3/6/20 3:10,56.3, , , , 
3/6/20 3:20,56.3, , , , 
3/6/20 3:30,56.24, , , , 
3/6/20 3:40,56.17, , , , 
3/6/20 3:50,56.11, , , , 
3/6/20 4:00,56.05, , , , 
3/6/20 4:10,55.97, , , , 
3/6/20 4:20,55.89, , , , 
3/6/20 4:30,55.86, , , , 
3/6/20 4:40,55.8, , , , 
3/6/20 4:50,55.64, , , , 
3/6/20 5:00,55.95, , , , 
3/6/20 5:10,56.13, , , , 
3/6/20 5:20,56.26, , , , 
3/6/20 5:30,55.88, , , , 
3/6/20 5:40,55.43, , , , 
3/6/20 5:50,55.43, , , , 
3/6/20 6:00,55.32, , , , 
3/6/20 6:10,55.33, , , , 
3/6/20 6:20,55.28, , , , 
3/6/20 6:30,55.26, , , , 
3/6/20 6:40,55.2, , , , 
3/6/20 6:50,55.22, , , , 
3/6/20 7:00,55.2, , , , 
3/6/20 7:10,55.24, , , , 
3/6/20 7:20,55.2, , , , 
3/6/20 7:30,55.22, , , , 
3/6/20 7:40,55.26, , , , 
3/6/20 7:50,55.22, , , , 
3/6/20 8:00,55.28, , , , 
3/6/20 8:10,55.39, , , , 
3/6/20 8:20,55.53, , , , 
3/6/20 8:30,56.05, , , , 
3/6/20 8:40,56.03, , , , 
3/6/20 8:50,56.44, , , , 
3/6/20 9:00,56.42, , , , 
3/6/20 9:10,56.92, , , , 
3/6/20 9:20,57.25, , , , 
3/6/20 9:30,57.81, , , , 
3/6/20 9:40,58.4, , , , 
3/6/20 9:50,58.48, , , , 
3/6/20 10:00,58.71, , , , 
3/6/20 10:10,59.16, , , , 
3/6/20 10:20,59.66, , , , 
3/6/20 10:30,60.49, , , , 
3/6/20 10:40,61.82, , , , 
3/6/20 10:50,62.42, , , , 
3/6/20 11:00,62.79, , , , 
3/6/20 11:10,63.56, , , , 
3/6/20 11:20,63.75, , , , 
3/6/20 11:30,64.33, , , , 
3/6/20 11:40,64.64, , , , 
3/6/20 11:50,65.06, , , , 
3/6/20 12:00,65.53, , , , 
3/6/20 12:10,65.72, , , , 
3/6/20 12:20,66.61, , , , 
3/6/20 12:30,66.96, , , , 
3/6/20 12:40,67.28, , , , 
3/6/20 12:50,68.08, , , , 
3/6/20 13:00,68.91, , , , 
3/6/20 13:10,68.98, , , , 
3/6/20 13:20,68.98, , , , 
3/6/20 13:30,68.33, , , , 
3/6/20 13:40,67.3, , , , 
3/6/20 13:50,66.82, , , , 
3/6/20 14:00,67.09, , , , 
3/6/20 14:10,67.03, , , , 
3/6/20 14:20,66.88, , , , 
3/6/20 14:30,66.88, , , , 
3/6/20 14:40,66.65, , , , 
3/6/20 14:50,66.44, , , , 
3/6/20 15:00,65.95, , , , 
3/6/20 15:10,65.7, , , , 
3/6/20 15:20,65.34, , , , 
3/6/20 15:30,65.1, , , , 
3/6/20 15:40,65.16, , , , 
3/6/20 15:50,64.87, , , , 
3/6/20 16:00,64.56, , , , 
3/6/20 16:10,64.16, , , , 
3/6/20 16:20,63.96, , , , 
3/6/20 16:30,63.69, , , , 
3/6/20 16:40,63.44, , , , 
3/6/20 16:50,63.08, , , , 
3/6/20 17:00,62.77, , , , 
3/6/20 17:10,62.48, , , , 
3/6/20 17:20,62.17, , , , 
3/6/20 17:30,61.74, , , , 
3/6/20 17:40,61.38, , , , 
3/6/20 17:50,60.95, , , , 
3/6/20 18:00,60.62, , , , 
3/6/20 18:10,60.3, , , , 
3/6/20 18:20,59.97, , , , 
3/6/20 18:30,59.74, , , , 
3/6/20 18:40,59.49, , , , 
3/6/20 18:50,59.31, , , , 
3/6/20 19:00,59.14, , , , 
3/6/20 19:10,58.93, , , , 
3/6/20 19:20,58.73, , , , 
3/6/20 19:30,58.54, , , , 
3/6/20 19:40,58.29, , , , 
3/6/20 19:50,58.19, , , , 
3/6/20 20:00,58, , , , 
3/6/20 20:10,57.69, , , , 
3/6/20 20:20,57.42, , , , 
3/6/20 20:30,57.25, , , , 
3/6/20 20:40,57.11, , , , 
3/6/20 20:50,56.96, , , , 
3/6/20 21:00,56.86, , , , 
3/6/20 21:10,56.71, , , , 
3/6/20 21:20,56.57, , , , 
3/6/20 21:30,56.44, , , , 
3/6/20 21:40,56.36, , , , 
3/6/20 21:50,56.18, , , , 
3/6/20 22:00,56.22, , , , 
3/6/20 22:10,56.49, , , , 
3/6/20 22:20,56.57, , , , 
3/6/20 22:30,56.57, , , , 
3/6/20 22:40,56.57, , , , 
3/6/20 22:50,56.49, , , , 
3/6/20 23:00,56.47, , , , 
3/6/20 23:10,56.38, , , , 
3/6/20 23:20,56.34, , , , 
3/6/20 23:30,56.32, , , , 
3/6/20 23:40,56.3, , , , 
3/6/20 23:50,56.3, , , , 
3/7/20 0:00,56.2, , , , 
3/7/20 0:10,56.2, , , , 
3/7/20 0:20,55.97, , , , 
3/7/20 0:30,55.86, , , , 
3/7/20 0:40,55.62, , , , 
3/7/20 0:50,55.3, , , , 
3/7/20 1:00,55.2, , , , 
3/7/20 1:10,54.97, , , , 
3/7/20 1:20,54.64, , , , 
3/7/20 1:30,54.52, , , , 
3/7/20 1:40,54.47, , , , 
3/7/20 1:50,54.35, , , , 
3/7/20 2:00,54.25, , , , 
3/7/20 2:10,54.22, , , , 
3/7/20 2:20,54.22, , , , 
3/7/20 2:30,54.12, , , , 
3/7/20 2:40,54.02, , , , 
3/7/20 2:50,53.98, , , , 
3/7/20 3:00,53.96, , , , 
3/7/20 3:10,53.94, , , , 
3/7/20 3:20,53.96, , , , 
3/7/20 3:30,53.94, , , , 
3/7/20 3:40,53.87, , , , 
3/7/20 3:50,53.87, , , , 
3/7/20 4:00,53.79, , , , 
3/7/20 4:10,53.77, , , , 
3/7/20 4:20,53.67, , , , 
3/7/20 4:30,53.67, , , , 
3/7/20 4:40,53.66, , , , 
3/7/20 4:50,53.79, , , , 
3/7/20 5:00,53.94, , , , 
3/7/20 5:10,53.96, , , , 
3/7/20 5:20,53.94, , , , 
3/7/20 5:30,53.94, , , , 
3/7/20 5:40,54.5, , , , 
3/7/20 5:50,54.56, , , , 
3/7/20 6:00,54.64, , , , 
3/7/20 6:10,54.68, , , , 
3/7/20 6:20,54.6, , , , 
3/7/20 6:30,54.66, , , , 
3/7/20 6:40,54.64, , , , 
3/7/20 6:50,54.64, , , , 
3/7/20 7:00,54.56, , , , 
3/7/20 7:10,54.62, , , , 
3/7/20 7:20,54.6, , , , 
3/7/20 7:30,54.56, , , , 
3/7/20 7:40,54.62, , , , 
3/7/20 7:50,54.56, , , , 
3/7/20 8:00,54.62, , , , 
3/7/20 8:10,54.7, , , , 
3/7/20 8:20,54.64, , , , 
3/7/20 8:30,54.64, , , , 
3/7/20 8:40,54.68, , , , 
3/7/20 8:50,54.7, , , , 
3/7/20 9:00,54.76, , , , 
3/7/20 9:10,54.78, , , , 
3/7/20 9:20,54.87, , , , 
3/7/20 9:30,55.03, , , , 
3/7/20 9:40,55.14, , , , 
3/7/20 9:50,55.84, , , , 
3/7/20 10:00,57.36, , , , 
3/7/20 10:10,56.98, , , , 
3/7/20 10:20,57.11, , , , 
3/7/20 10:30,60.05, , , , 
3/7/20 10:40,60.89, , , , 
3/7/20 10:50,61.49, , , , 
3/7/20 11:00,63.6, , , , 
3/7/20 11:10,64.45, , , , 
3/7/20 11:20,64.1, , , , 
3/7/20 11:30,63.39, , , , 
3/7/20 11:40,63.19, , , , 
3/7/20 11:50,63.4, , , , 
3/7/20 12:00,64.1, , , , 
3/7/20 12:10,63.64, , , , 
3/7/20 12:20,64.06, , , , 
3/7/20 12:30,64.6, , , , 
3/7/20 12:40,64.29, , , , 
3/7/20 12:50,64.12, , , , 
3/7/20 13:00,64.18, , , , 
3/7/20 13:10,64.72, , , , 
3/7/20 13:20,64.91, , , , 
3/7/20 13:30,65.91, , , , 
3/7/20 13:40,66.45, , , , 
3/7/20 13:50,66.32, , , , 
3/7/20 14:00,66.82, , , , 
3/7/20 14:10,68.21, , , , 
3/7/20 14:20,69.12, , , , 
3/7/20 14:30,69.74, , , , 
3/7/20 14:40,70.89, , , , 
3/7/20 14:50,71.44, , , , 
3/7/20 15:00,70.97, , , , 
3/7/20 15:10,70.41, , , , 
3/7/20 15:20,70.14, , , , 
3/7/20 15:30,69.45, , , , 
3/7/20 15:40,68.48, , , , 
3/7/20 15:50,67.63, , , , 
3/7/20 16:00,66.78, , , , 
3/7/20 16:10,66.03, , , , 
3/7/20 16:20,65.43, , , , 
3/7/20 16:30,64.87, , , , 
3/7/20 16:40,64.47, , , , 
3/7/20 16:50,64.08, , , , 
3/7/20 17:00,63.73, , , , 
3/7/20 17:10,63.4, , , , 
3/7/20 17:20,63, , , , 
3/7/20 17:30,62.56, , , , 
3/7/20 17:40,62.07, , , , 
3/7/20 17:50,61.76, , , , 
3/7/20 18:00,61.3, , , , 
3/7/20 18:10,60.89, , , , 
3/7/20 18:20,60.43, , , , 
3/7/20 18:30,60.08, , , , 
3/7/20 18:40,59.68, , , , 
3/7/20 18:50,59.31, , , , 
3/7/20 19:00,59, , , , 
3/7/20 19:10,58.71, , , , 
3/7/20 19:20,58.37, , , , 
3/7/20 19:30,58.17, , , , 
3/7/20 19:40,57.77, , , , 
3/7/20 19:50,57.48, , , , 
3/7/20 20:00,57.21, , , , 
3/7/20 20:10,56.96, , , , 
3/7/20 20:20,56.74, , , , 
3/7/20 20:30,56.55, , , , 
3/7/20 20:40,56.34, , , , 
3/7/20 20:50,56.2, , , , 
3/7/20 21:00,56.09, , , , 
3/7/20 21:10,55.47, , , , 
3/7/20 21:20,55.47, , , , 
3/7/20 21:30,54.91, , , , 
3/7/20 21:40,54.7, , , , 
3/7/20 21:50,54.79, , , , 
3/7/20 22:00,54.64, , , , 
3/7/20 22:10,54.79, , , , 
3/7/20 22:20,54.99, , , , 
3/7/20 22:30,54.68, , , , 
3/7/20 22:40,54.47, , , , 
3/7/20 22:50,54.66, , , , 
3/7/20 23:00,54.81, , , , 
3/7/20 23:10,54.6, , , , 
3/7/20 23:20,54.58, , , , 
3/7/20 23:30,54.62, , , , 
3/7/20 23:40,54.64, , , , 
3/7/20 23:50,54.64, , , , 
3/8/20 0:00,54.56, , , , 
3/8/20 0:10,54.43, , , , 
3/8/20 0:20,54.31, , , , 
3/8/20 0:30,54.18, , , , 
3/8/20 0:40,54.14, , , , 
3/8/20 0:50,54.08, , , , 
3/8/20 1:00,54.06, , , , 
3/8/20 1:10,53.96, , , , 
3/8/20 1:20,54, , , , 
3/8/20 1:30,53.98, , , , 
3/8/20 1:40,53.85, , , , 
3/8/20 1:50,53.81, , , , 
3/8/20 3:00,53.73, , , , 
3/8/20 3:10,53.73, , , , 
3/8/20 3:20,53.62, , , , 
3/8/20 3:30,53.56, , , , 
3/8/20 3:40,53.44, , , , 
3/8/20 3:50,53.33, , , , 
3/8/20 4:00,53.15, , , , 
3/8/20 4:10,53.08, , , , 
3/8/20 4:20,53, , , , 
3/8/20 4:30,52.92, , , , 
3/8/20 4:40,52.94, , , , 
3/8/20 4:50,52.83, , , , 
3/8/20 5:00,52.75, , , , 
3/8/20 5:10,52.71, , , , 
3/8/20 5:20,52.61, , , , 
3/8/20 5:30,52.4, , , , 
3/8/20 5:40,52.13, , , , 
3/8/20 5:50,51.96, , , , 
3/8/20 6:00,51.86, , , , 
3/8/20 6:10,51.57, , , , 
3/8/20 6:20,51.36, , , , 
3/8/20 6:30,51.13, , , , 
3/8/20 6:40,51.11, , , , 
3/8/20 6:50,50.89, , , , 
3/8/20 7:00,50.84, , , , 
3/8/20 7:10,50.74, , , , 
3/8/20 7:20,50.45, , , , 
3/8/20 7:30,50.49, , , , 
3/8/20 7:40,52.77, , , , 
3/8/20 7:50,53.39, , , , 
3/8/20 8:00,53.52, , , , 
3/8/20 8:10,53.77, , , , 
3/8/20 8:20,53.83, , , , 
3/8/20 8:30,54.22, , , , 
3/8/20 8:40,54.33, , , , 
3/8/20 8:50,54.33, , , , 
3/8/20 9:00,54.37, , , , 
3/8/20 9:10,54.52, , , , 
3/8/20 9:20,54.54, , , , 
3/8/20 9:30,54.76, , , , 
3/8/20 9:40,54.76, , , , 
3/8/20 9:50,54.81, , , , 
3/8/20 10:00,54.72, , , , 
3/8/20 10:10,55.06, , , , 
3/8/20 10:20,55.01, , , , 
3/8/20 10:30,55.16, , , , 
3/8/20 10:40,55.26, , , , 
3/8/20 10:50,55.43, , , , 
3/8/20 11:00,55.43, , , , 
3/8/20 11:10,56.17, , , , 
3/8/20 11:20,56.13, , , , 
3/8/20 11:30,56.4, , , , 
3/8/20 11:40,57.3, , , , 
3/8/20 11:50,59.23, , , , 
3/8/20 12:00,59.58, , , , 
3/8/20 12:10,61.63, , , , 
3/8/20 12:20,63.42, , , , 
3/8/20 12:30,64.56, , , , 
3/8/20 12:40,65.47, , , , 
3/8/20 12:50,65.43, , , , 
3/8/20 13:00,66.51, , , , 
3/8/20 13:10,67.69, , , , 
3/8/20 13:20,68.81, , , , 
3/8/20 13:30,69.79, , , , 
3/8/20 13:40,70.51, , , , 
3/8/20 13:50,71.05, , , , 
3/8/20 14:00,70.97, , , , 
3/8/20 14:10,70.62, , , , 
3/8/20 14:20,70.08, , , , 
3/8/20 14:30,69.56, , , , 
3/8/20 14:40,69.31, , , , 
3/8/20 14:50,69.49, , , , 
3/8/20 15:00,69.25, , , , 
3/8/20 15:10,68.1, , , , 
3/8/20 15:20,67.59, , , , 
3/8/20 15:30,67.38, , , , 
3/8/20 15:40,66.78, , , , 
3/8/20 15:50,66.59, , , , 
3/8/20 16:00,66.3, , , , 
3/8/20 16:10,65.84, , , , 
3/8/20 16:20,65.34, , , , 
3/8/20 16:30,64.93, , , , 
3/8/20 16:40,64.56, , , , 
3/8/20 16:50,64.45, , , , 
3/8/20 17:00,64.22, , , , 
3/8/20 17:10,63.73, , , , 
3/8/20 17:20,63.08, , , , 
3/8/20 17:30,62.38, , , , 
3/8/20 17:40,61.69, , , , 
3/8/20 17:50,61.01, , , , 
3/8/20 18:00,60.64, , , , 
3/8/20 18:10,60.3, , , , 
3/8/20 18:20,59.89, , , , 
3/8/20 18:30,59.56, , , , 
3/8/20 18:40,59.22, , , , 
3/8/20 18:50,58.83, , , , 
3/8/20 19:00,58.48, , , , 
3/8/20 19:10,58.25, , , , 
3/8/20 19:20,57.9, , , , 
3/8/20 19:30,57.61, , , , 
3/8/20 19:40,57.25, , , , 
3/8/20 19:50,56.92, , , , 
3/8/20 20:00,56.59, , , , 
3/8/20 20:10,56.2, , , , 
3/8/20 20:20,55.89, , , , 
3/8/20 20:30,55.62, , , , 
3/8/20 20:40,55.39, , , , 
3/8/20 20:50,55.28, , , , 
3/8/20 21:00,55.1, , , , 
3/8/20 21:10,54.91, , , , 
3/8/20 21:20,54.72, , , , 
3/8/20 21:30,54.43, , , , 
3/8/20 21:40,54.23, , , , 
3/8/20 21:50,54.18, , , , 
3/8/20 22:00,54.04, , , , 
3/8/20 22:10,53.98, , , , 
3/8/20 22:20,53.77, , , , 
3/8/20 22:30,53.64, , , , 
3/8/20 22:40,53.5, , , , 
3/8/20 22:50,53.37, , , , 
3/8/20 23:00,53.27, , , , 
3/8/20 23:10,53.13, , , , 
3/8/20 23:20,53.06, , , , 
3/8/20 23:30,52.92, , , , 
3/8/20 23:40,52.81, , , , 
3/8/20 23:50,52.73, , , , 
3/9/20 0:00,52.54, , , , 
3/9/20 0:10,52.34, , , , 
3/9/20 0:20,52.17, , , , 
3/9/20 0:30,51.9, , , , 
3/9/20 0:40,51.72, , , , 
3/9/20 0:50,51.63, , , , 
3/9/20 1:00,51.53, , , , 
3/9/20 1:10,51.38, , , , 
3/9/20 1:20,51.42, , , , 
3/9/20 1:30,51.28, , , , 
3/9/20 1:40,51.24, , , , 
3/9/20 1:50,51.15, , , , 
3/9/20 2:00,51.09, , , , 
3/9/20 2:10,50.97, , , , 
3/9/20 2:20,50.84, , , , 
3/9/20 2:30,50.74, , , , 
3/9/20 2:40,50.55, , , , 
3/9/20 2:50,50.53, , , , 
3/9/20 3:00,50.45, , , , 
3/9/20 3:10,50.41, , , , 
3/9/20 3:20,50.37, , , , 
3/9/20 3:30,50.32, , , , 
3/9/20 3:40,50.28, , , , 
3/9/20 3:50,50.18, , , , 
3/9/20 4:00,50.14, , , , 
3/9/20 4:10,50.12, , , , 
3/9/20 4:20,50.08, , , , 
3/9/20 4:30,50.08, , , , 
3/9/20 4:40,50.08, , , , 
3/9/20 4:50,50.06, , , , 
3/9/20 5:00,50.06, , , , 
3/9/20 5:10,50.05, , , , 
3/9/20 5:20,50.08, , , , 
3/9/20 5:30,50.06, , , , 
3/9/20 5:40,50.1, , , , 
3/9/20 5:50,50.08, , , , 
3/9/20 6:00,50.08, , , , 
3/9/20 6:10,50.06, , , , 
3/9/20 6:20,50.01, , , , 
3/9/20 6:30,49.99, , , , 
3/9/20 6:40,50.01, , , , 
3/9/20 6:50,49.97, , , , 
3/9/20 7:00,49.93, , , , 
3/9/20 7:10,50.01, , , , 
3/9/20 7:20,49.97, , , , 
3/9/20 7:30,50.12, , , , 
3/9/20 7:40,50.2, , , , 
3/9/20 7:50,50.32, , , , 
3/9/20 8:00,50.57, , , , 
3/9/20 8:10,50.68, , , , 
3/9/20 8:20,50.89, , , , 
3/9/20 8:30,51.3, , , , 
3/9/20 8:40,51.78, , , , 
3/9/20 8:50,54.08, , , , 
3/9/20 9:00,54.76, , , , 
3/9/20 9:10,54.89, , , , 
3/9/20 9:20,55.05, , , , 
3/9/20 9:30,55.22, , , , 
3/9/20 9:40,55.22, , , , 
3/9/20 9:50,55.26, , , , 
3/9/20 10:00,55.43, , , , 
3/9/20 10:10,55.47, , , , 
3/9/20 10:20,55.45, , , , 
3/9/20 10:30,56.01, , , , 
3/9/20 10:40,55.76, , , , 
3/9/20 10:50,56.36, , , , 
3/9/20 11:00,56.11, , , , 
3/9/20 11:10,56.26, , , , 
3/9/20 11:20,56.07, , , , 
3/9/20 11:30,56.28, , , , 
3/9/20 11:40,56.63, , , , 
3/9/20 11:50,56.8, , , , 
3/9/20 12:00,57.56, , , , 
3/9/20 12:10,58.52, , , , 
3/9/20 12:20,57.81, , , , 
3/9/20 12:30,57.94, , , , 
3/9/20 12:40,57.63, , , , 
3/9/20 12:50,59.43, , , , 
3/9/20 13:00,60.39, , , , 
3/9/20 13:10,61.74, , , , 
3/9/20 13:20,62.4, , , , 
3/9/20 13:30,62.9, , , , 
3/9/20 13:40,63.62, , , , 
3/9/20 13:50,64.68, , , , 
3/9/20 14:00,65.2, , , , 
3/9/20 14:10,65.76, , , , 
3/9/20 14:20,66.8, , , , 
3/9/20 14:30,66.96, , , , 
3/9/20 14:40,67.63, , , , 
3/9/20 14:50,68.35, , , , 
3/9/20 15:00,68.48, , , , 
3/9/20 15:10,68.98, , , , 
3/9/20 15:20,69.39, , , , 
3/9/20 15:30,69.62, , , , 
3/9/20 15:40,69.6, , , , 
3/9/20 15:50,69.23, , , , 
3/9/20 16:00,68.58, , , , 
3/9/20 16:10,67.92, , , , 
3/9/20 16:20,67.38, , , , 
3/9/20 16:30,66.96, , , , 
3/9/20 16:40,66.51, , , , 
3/9/20 16:50,66.11, , , , 
3/9/20 17:00,65.74, , , , 
3/9/20 17:10,65.28, , , , 
3/9/20 17:20,64.81, , , , 
3/9/20 17:30,64.43, , , , 
3/9/20 17:40,63.96, , , , 
3/9/20 17:50,63.58, , , , 
3/9/20 18:00,63.21, , , , 
3/9/20 18:10,62.83, , , , 
3/9/20 18:20,62.42, , , , 
3/9/20 18:30,61.92, , , , 
3/9/20 18:40,61.4, , , , 
3/9/20 18:50,60.82, , , , 
3/9/20 19:00,60.26, , , , 
3/9/20 19:10,59.79, , , , 
3/9/20 19:20,59.31, , , , 
3/9/20 19:30,58.81, , , , 
3/9/20 19:40,58.42, , , , 
3/9/20 19:50,58.08, , , , 
3/9/20 20:00,57.71, , , , 
3/9/20 20:10,57.38, , , , 
3/9/20 20:20,57.15, , , , 
3/9/20 20:30,56.84, , , , 
3/9/20 20:40,56.59, , , , 
3/9/20 20:50,56.36, , , , 
3/9/20 21:00,56.13, , , , 
3/9/20 21:10,55.95, , , , 
3/9/20 21:20,55.74, , , , 
3/9/20 21:30,55.66, , , , 
3/9/20 21:40,55.62, , , , 
3/9/20 21:50,55.53, , , , 
3/9/20 22:00,55.55, , , , 
3/9/20 22:10,55.76, , , , 
3/9/20 22:20,55.95, , , , 
3/9/20 22:30,55.97, , , , 
3/9/20 22:40,55.84, , , , 
3/9/20 22:50,55.86, , , , 
3/9/20 23:00,55.8, , , , 
3/9/20 23:10,55.8, , , , 
3/9/20 23:20,55.82, , , , 
3/9/20 23:30,55.78, , , , 
3/9/20 23:40,55.72, , , , 
3/9/20 23:50,55.68, , , , 
3/10/20 0:00,55.68, , , , 
3/10/20 0:10,55.61, , , , 
3/10/20 0:20,55.62, , , , 
3/10/20 0:30,55.61, , , , 
3/10/20 0:40,55.61, , , , 
3/10/20 0:50,55.59, , , , 
3/10/20 1:00,55.59, , , , 
3/10/20 1:10,55.61, , , , 
3/10/20 1:20,55.62, , , , 
3/10/20 1:30,55.76, , , , 
3/10/20 1:40,55.78, , , , 
3/10/20 1:50,55.78, , , , 
3/10/20 2:00,55.66, , , , 
3/10/20 2:10,55.66, , , , 
3/10/20 2:20,55.53, , , , 
3/10/20 2:30,55.47, , , , 
3/10/20 2:40,55.3, , , , 
3/10/20 2:50,55.3, , , , 
3/10/20 3:00,55.33, , , , 
3/10/20 3:10,55.16, , , , 
3/10/20 3:20,55.12, , , , 
3/10/20 3:30,55.06, , , , 
3/10/20 3:40,55.01, , , , 
3/10/20 3:50,54.95, , , , 
3/10/20 4:00,54.87, , , , 
3/10/20 4:10,54.78, , , , 
3/10/20 4:20,54.7, , , , 
3/10/20 4:30,54.66, , , , 
3/10/20 4:40,54.56, , , , 
3/10/20 4:50,54.52, , , , 
3/10/20 5:00,54.5, , , , 
3/10/20 5:10,54.47, , , , 
3/10/20 5:20,54.45, , , , 
3/10/20 5:30,54.39, , , , 
3/10/20 5:40,54.35, , , , 
3/10/20 5:50,54.27, , , , 
3/10/20 6:00,54.27, , , , 
3/10/20 6:10,54.18, , , , 
3/10/20 6:20,54.14, , , , 
3/10/20 6:30,53.98, , , , 
3/10/20 6:40,53.87, , , , 
3/10/20 6:50,53.77, , , , 
3/10/20 7:00,53.67, , , , 
3/10/20 7:10,53.48, , , , 
3/10/20 7:20,53.37, , , , 
3/10/20 7:30,53.29, , , , 
3/10/20 7:40,53.29, , , , 
3/10/20 7:50,53.25, , , , 
3/10/20 8:00,53.33, , , , 
3/10/20 8:10,53.35, , , , 
3/10/20 8:20,53.48, , , , 
3/10/20 8:30,53.67, , , , 
3/10/20 8:40,53.98, , , , 
3/10/20 8:50,54.35, , , , 
3/10/20 9:00,54.58, , , , 
3/10/20 9:10,54.79, , , , 
3/10/20 9:20,54.89, , , , 
3/10/20 9:30,55.35, , , , 
3/10/20 9:40,55.39, , , , 
3/10/20 9:50,55.45, , , , 
3/10/20 10:00,55.49, , , , 
3/10/20 10:10,55.49, , , , 
3/10/20 10:20,55.37, , , , 
3/10/20 10:30,55.32, , , , 
3/10/20 10:40,55.28, , , , 
3/10/20 10:50,55.37, , , , 
3/10/20 11:00,55.37, , , , 
3/10/20 11:10,55.37, , , , 
3/10/20 11:20,55.64, , , , 
3/10/20 11:30,55.64, , , , 
3/10/20 11:40,55.93, , , , 
3/10/20 11:50,55.68, , , , 
3/10/20 12:00,55.64, , , , 
3/10/20 12:10,55.86, , , , 
3/10/20 12:20,55.95, , , , 
3/10/20 12:30,56.18, , , , 
3/10/20 12:40,55.95, , , , 
3/10/20 12:50,56.15, , , , 
3/10/20 13:00,56.8, , , , 
3/10/20 13:10,56.07, , , , 
3/10/20 13:20,56.4, , , , 
3/10/20 13:30,57.5, , , , 
3/10/20 13:40,58.27, , , , 
3/10/20 13:50,57.86, , , , 
3/10/20 14:00,57.92, , , , 
3/10/20 14:10,58.44, , , , 
3/10/20 14:20,59.1, , , , 
3/10/20 14:30,60.06, , , , 
3/10/20 14:40,61.71, , , , 
3/10/20 14:50,61.84, , , , 
3/10/20 15:00,61.82, , , , 
3/10/20 15:10,62.32, , , , 
3/10/20 15:20,62.57, , , , 
3/10/20 15:30,63.06, , , , 
3/10/20 15:40,64.16, , , , 
3/10/20 15:50,64.66, , , , 
3/10/20 16:00,64.79, , , , 
3/10/20 16:10,64.43, , , , 
3/10/20 16:20,64.16, , , , 
3/10/20 16:30,63.89, , , , 
3/10/20 16:40,63.85, , , , 
3/10/20 16:50,63.62, , , , 
3/10/20 17:00,63.17, , , , 
3/10/20 17:10,62.9, , , , 
3/10/20 17:20,62.67, , , , 
3/10/20 17:30,62.32, , , , 
3/10/20 17:40,61.69, , , , 
3/10/20 17:50,61.4, , , , 
3/10/20 18:00,61.2, , , , 
3/10/20 18:10,60.91, , , , 
3/10/20 18:20,60.62, , , , 
3/10/20 18:30,60.43, , , , 
3/10/20 18:40,60.22, , , , 
3/10/20 18:50,59.85, , , , 
3/10/20 19:00,59.7, , , , 
3/10/20 19:10,59.52, , , , 
3/10/20 19:20,59.37, , , , 
3/10/20 19:30,59.14, , , , 
3/10/20 19:40,58.91, , , , 
3/10/20 19:50,58.64, , , , 
3/10/20 20:00,58.4, , , , 
3/10/20 20:10,58.21, , , , 
3/10/20 20:20,58.08, , , , 
3/10/20 20:30,57.88, , , , 
3/10/20 20:40,57.67, , , , 
3/10/20 20:50,57.48, , , , 
3/10/20 21:00,57.23, , , , 
3/10/20 21:10,57.07, , , , 
3/10/20 21:20,57.01, , , , 
3/10/20 21:30,56.96, , , , 
3/10/20 21:40,56.98, , , , 
3/10/20 21:50,57.03, , , , 
3/10/20 22:00,57.03, , , , 
3/10/20 22:10,57.07, , , , 
3/10/20 22:20,56.26, , , , 
3/10/20 22:30,56.01, , , , 
3/10/20 22:40,55.8, , , , 
3/10/20 22:50,55.82, , , , 
3/10/20 23:00,55.62, , , , 
3/10/20 23:10,55.59, , , , 
3/10/20 23:20,55.59, , , , 
3/10/20 23:30,55.55, , , , 
3/10/20 23:40,55.53, , , , 
3/10/20 23:50,55.53, , , , 
3/11/20 0:00,55.47, , , , 
3/11/20 0:10,55.51, , , , 
3/11/20 0:20,55.47, , , , 
3/11/20 0:30,55.47, , , , 
3/11/20 0:40,55.43, , , , 
3/11/20 0:50,55.45, , , , 
3/11/20 1:00,55.47, , , , 
3/11/20 1:10,55.43, , , , 
3/11/20 1:20,55.41, , , , 
3/11/20 1:30,55.39, , , , 
3/11/20 1:40,55.33, , , , 
3/11/20 1:50,55.37, , , , 
3/11/20 2:00,55.47, , , , 
3/11/20 2:10,55.51, , , , 
3/11/20 2:20,55.51, , , , 
3/11/20 2:30,55.53, , , , 
3/11/20 2:40,55.51, , , , 
3/11/20 2:50,55.41, , , , 
3/11/20 3:00,55.32, , , , 
3/11/20 3:10,55.14, , , , 
3/11/20 3:20,55.05, , , , 
3/11/20 3:30,54.89, , , , 
3/11/20 3:40,54.78, , , , 
3/11/20 3:50,54.66, , , , 
3/11/20 4:00,54.54, , , , 
3/11/20 4:10,54.43, , , , 
3/11/20 4:20,54.23, , , , 
3/11/20 4:30,54.1, , , , 
3/11/20 4:40,53.94, , , , 
3/11/20 4:50,53.87, , , , 
3/11/20 5:00,53.73, , , , 
3/11/20 5:10,53.62, , , , 
3/11/20 5:20,53.5, , , , 
3/11/20 5:30,53.37, , , , 
3/11/20 5:40,53.27, , , , 
3/11/20 5:50,53.19, , , , 
3/11/20 6:00,53.1, , , , 
3/11/20 6:10,52.94, , , , 
3/11/20 6:20,52.84, , , , 
3/11/20 6:30,52.71, , , , 
3/11/20 6:40,52.57, , , , 
3/11/20 6:50,52.5, , , , 
3/11/20 7:00,52.4, , , , 
3/11/20 7:10,52.36, , , , 
3/11/20 7:20,52.34, , , , 
3/11/20 7:30,52.32, , , , 
3/11/20 7:40,52.36, , , , 
3/11/20 7:50,52.27, , , , 
3/11/20 8:00,52.34, , , , 
3/11/20 8:10,52.38, , , , 
3/11/20 8:20,52.44, , , , 
3/11/20 8:30,52.54, , , , 
3/11/20 8:40,52.75, , , , 
3/11/20 8:50,53, , , , 
3/11/20 9:00,53.27, , , , 
3/11/20 9:10,54.04, , , , 
3/11/20 9:20,55.03, , , , 
3/11/20 9:30,56.07, , , , 
3/11/20 9:40,56.9, , , , 
3/11/20 9:50,57.77, , , , 
3/11/20 10:00,58.67, , , , 
3/11/20 10:10,59.87, , , , 
3/11/20 10:20,61.01, , , , 
3/11/20 10:30,62.05, , , , 
3/11/20 10:40,63.1, , , , 
3/11/20 10:50,62.59, , , , 
3/11/20 11:00,61.72, , , , 
3/11/20 11:10,60.39, , , , 
3/11/20 11:20,59.6, , , , 
3/11/20 11:30,58.75, , , , 
3/11/20 11:40,59.97, , , , 
3/11/20 11:50,58.67, , , , 
3/11/20 12:00,58.15, , , , 
3/11/20 12:10,58.35, , , , 
3/11/20 12:20,57.9, , , , 
3/11/20 12:30,58.02, , , , 
3/11/20 12:40,58.39, , , , 
3/11/20 12:50,57.92, , , , 
3/11/20 13:00,58.48, , , , 
3/11/20 13:10,58.44, , , , 
3/11/20 13:20,59, , , , 
3/11/20 13:30,59.78, , , , 
3/11/20 13:40,59.62, , , , 
3/11/20 13:50,60.05, , , , 
3/11/20 14:00,62.34, , , , 
3/11/20 14:10,62.52, , , , 
3/11/20 14:20,64.6, , , , 
3/11/20 14:30,66.49, , , , 
3/11/20 14:40,68.21, , , , 
3/11/20 14:50,69.78, , , , 
3/11/20 15:00,71.07, , , , 
3/11/20 15:10,72.09, , , , 
3/11/20 15:20,72.3, , , , 
3/11/20 15:30,72.96, , , , 
3/11/20 15:40,73.44, , , , 
3/11/20 15:50,73.73, , , , 
3/11/20 16:00,72.5, , , , 
3/11/20 16:10,70.78, , , , 
3/11/20 16:20,69.41, , , , 
3/11/20 16:30,68.29, , , , 
3/11/20 16:40,67.32, , , , 
3/11/20 16:50,66.47, , , , 
3/11/20 17:00,65.86, , , , 
3/11/20 17:10,65.24, , , , 
3/11/20 17:20,64.64, , , , 
3/11/20 17:30,64.04, , , , 
3/11/20 17:40,63.6, , , , 
3/11/20 17:50,63.23, , , , 
3/11/20 18:00,62.92, , , , 
3/11/20 18:10,62.9, , , , 
3/11/20 18:20,62.73, , , , 
3/11/20 18:30,62.5, , , , 
3/11/20 18:40,62.23, , , , 
3/11/20 18:50,62.01, , , , 
3/11/20 19:00,61.72, , , , 
3/11/20 19:10,61.53, , , , 
3/11/20 19:20,61.22, , , , 
3/11/20 19:30,60.86, , , , 
3/11/20 19:40,60.55, , , , 
3/11/20 19:50,60.22, , , , 
3/11/20 20:00,59.89, , , , 
3/11/20 20:10,59.58, , , , 
3/11/20 20:20,59.33, , , , 
3/11/20 20:30,59.16, , , , 
3/11/20 20:40,59.06, , , , 
3/11/20 20:50,58.95, , , , 
3/11/20 21:00,58.91, , , , 
3/11/20 21:10,58.69, , , , 
3/11/20 21:20,58.46, , , , 
3/11/20 21:30,58.33, , , , 
3/11/20 21:40,58.08, , , , 
3/11/20 21:50,57.92, , , , 
3/11/20 22:00,57.63, , , , 
3/11/20 22:10,57.48, , , , 
3/11/20 22:20,57.25, , , , 
3/11/20 22:30,57.05, , , , 
3/11/20 22:40,56.88, , , , 
3/11/20 22:50,56.69, , , , 
3/11/20 23:00,56.55, , , , 
3/11/20 23:10,56.34, , , , 
3/11/20 23:20,56.18, , , , 
3/11/20 23:30,56.15, , , , 
3/11/20 23:40,56.11, , , , 
3/11/20 23:50,56.07, , , , 
3/12/20 0:00,56.03, , , , 
3/12/20 0:10,56.09, , , , 
3/12/20 0:20,56.11, , , , 
3/12/20 0:30,56.09, , , , 
3/12/20 0:40,56.09, , , , 
3/12/20 0:50,56.18, , , , 
3/12/20 1:00,56.05, , , , 
3/12/20 1:10,56.01, , , , 
3/12/20 1:20,56.03, , , , 
3/12/20 1:30,55.99, , , , 
3/12/20 1:40,55.95, , , , 
3/12/20 1:50,55.97, , , , 
3/12/20 2:00,55.97, , , , 
3/12/20 2:10,55.97, , , , 
3/12/20 2:20,55.97, , , , 
3/12/20 2:30,55.93, , , , 
3/12/20 2:40,55.91, , , , 
3/12/20 2:50,55.89, , , , 
3/12/20 3:00,55.88, , , , 
3/12/20 3:10,55.86, , , , 
3/12/20 3:20,55.89, , , , 
3/12/20 3:30,55.91, , , , 
3/12/20 3:40,55.78, , , , 
3/12/20 3:50,55.84, , , , 
3/12/20 4:00,55.76, , , , 
3/12/20 4:10,55.74, , , , 
3/12/20 4:20,55.8, , , , 
3/12/20 4:30,55.68, , , , 
3/12/20 4:40,55.62, , , , 
3/12/20 4:50,55.57, , , , 
3/12/20 5:00,55.49, , , , 
3/12/20 5:10,55.45, , , , 
3/12/20 5:20,55.37, , , , 
3/12/20 5:30,55.28, , , , 
3/12/20 5:40,55.2, , , , 
3/12/20 5:50,55.16, , , , 
3/12/20 6:00,55.05, , , , 
3/12/20 6:10,54.95, , , , 
3/12/20 6:20,54.81, , , , 
3/12/20 6:30,54.66, , , , 
3/12/20 6:40,54.58, , , , 
3/12/20 6:50,54.45, , , , 
3/12/20 7:00,54.41, , , , 
3/12/20 7:10,54.31, , , , 
3/12/20 7:20,54.27, , , , 
3/12/20 7:30,54.22, , , , 
3/12/20 7:40,54.16, , , , 
3/12/20 7:50,54.18, , , , 
3/12/20 8:00,54.2, , , , 
3/12/20 8:10,54.29, , , , 
3/12/20 8:20,54.41, , , , 
3/12/20 8:30,54.52, , , , 
3/12/20 8:40,54.66, , , , 
3/12/20 8:50,54.87, , , , 
3/12/20 9:00,55.1, , , , 
3/12/20 9:10,55.32, , , , 
3/12/20 9:20,55.59, , , , 
3/12/20 9:30,56.01, , , , 
3/12/20 9:40,56.47, , , , 
3/12/20 9:50,56.98, , , , 
3/12/20 10:00,57.44, , , , 
3/12/20 10:10,57.92, , , , 
3/12/20 10:20,58.6, , , , 
3/12/20 10:30,59, , , , 
3/12/20 10:40,59.43, , , , 
3/12/20 10:50,60.06, , , , 
3/12/20 11:00,60.35, , , , 
3/12/20 11:10,60.86, , , , 
3/12/20 11:20,61.57, , , , 
3/12/20 11:30,62.07, , , , 
3/12/20 11:40,62.98, , , , 
3/12/20 11:50,63.85, , , , 
3/12/20 12:00,63.64, , , , 
3/12/20 12:10,62.88, , , , 
3/12/20 12:20,61.32, , , , 
3/12/20 12:30,59.85, , , , 
3/12/20 12:40,60.62, , , , 
3/12/20 12:50,58.67, , , , 
3/12/20 13:00,59.79, , , , 
3/12/20 13:10,60.28, , , , 
3/12/20 13:20,61.05, , , , 
3/12/20 13:30,58.93, , , , 
3/12/20 13:40,59.08, , , , 
3/12/20 13:50,60.78, , , , 
3/12/20 14:00,61.17, , , , 
3/12/20 14:10,61.82, , , , 
3/12/20 14:20,60.88, , , , 
3/12/20 14:30,61.74, , , , 
3/12/20 14:40,61.42, , , , 
3/12/20 14:50,61.71, , , , 
3/12/20 15:00,63.48, , , , 
3/12/20 15:10,64.76, , , , 
3/12/20 15:20,65.66, , , , 
3/12/20 15:30,66.07, , , , 
3/12/20 15:40,66.96, , , , 
3/12/20 15:50,67.48, , , , 
3/12/20 16:00,66.34, , , , 
3/12/20 16:10,65.41, , , , 
3/12/20 16:20,64.6, , , , 
3/12/20 16:30,63.77, , , , 
3/12/20 16:40,63.08, , , , 
3/12/20 16:50,62.52, , , , 
3/12/20 17:00,62, , , , 
3/12/20 17:10,61.51, , , , 
3/12/20 17:20,61.09, , , , 
3/12/20 17:30,60.64, , , , 
3/12/20 17:40,60.24, , , , 
3/12/20 17:50,59.89, , , , 
3/12/20 18:00,59.52, , , , 
3/12/20 18:10,59.23, , , , 
3/12/20 18:20,58.95, , , , 
3/12/20 18:30,58.67, , , , 
3/12/20 18:40,58.4, , , , 
3/12/20 18:50,58.15, , , , 
3/12/20 19:00,57.9, , , , 
3/12/20 19:10,57.73, , , , 
3/12/20 19:20,57.54, , , , 
3/12/20 19:30,57.25, , , , 
3/12/20 19:40,57.07, , , , 
3/12/20 19:50,56.8, , , , 
3/12/20 20:00,56.67, , , , 
3/12/20 20:10,56.4, , , , 
3/12/20 20:20,56.18, , , , 
3/12/20 20:30,56.03, , , , 
3/12/20 20:40,55.89, , , , 
3/12/20 20:50,55.68, , , , 
3/12/20 21:00,55.51, , , , 
3/12/20 21:10,55.26, , , , 
3/12/20 21:20,55.16, , , , 
3/12/20 21:30,55.03, , , , 
3/12/20 21:40,54.89, , , , 
3/12/20 21:50,54.7, , , , 
3/12/20 22:00,54.43, , , , 
3/12/20 22:10,54.22, , , , 
3/12/20 22:20,53.98, , , , 
3/12/20 22:30,54.06, , , , 
3/12/20 22:40,54.2, , , , 
3/12/20 22:50,54.29, , , , 
3/12/20 23:00,54.41, , , , 
3/12/20 23:10,54.49, , , , 
3/12/20 23:20,55.16, , , , 
3/12/20 23:30,55.45, , , , 
3/12/20 23:40,55.53, , , , 
3/12/20 23:50,55.57, , , , 
3/13/20 0:00,55.61, , , , 
3/13/20 0:10,55.55, , , , 
3/13/20 0:20,55.61, , , , 
3/13/20 0:30,55.64, , , , 
3/13/20 0:40,55.61, , , , 
3/13/20 0:50,55.62, , , , 
3/13/20 1:00,55.61, , , , 
3/13/20 1:10,55.59, , , , 
3/13/20 1:20,55.61, , , , 
3/13/20 1:30,55.61, , , , 
3/13/20 1:40,55.59, , , , 
3/13/20 1:50,55.59, , , , 
3/13/20 2:00,55.55, , , , 
3/13/20 2:10,55.57, , , , 
3/13/20 2:20,55.57, , , , 
3/13/20 2:30,55.55, , , , 
3/13/20 2:40,55.53, , , , 
3/13/20 2:50,55.53, , , , 
3/13/20 3:00,55.53, , , , 
3/13/20 3:10,55.53, , , , 
3/13/20 3:20,55.53, , , , 
3/13/20 3:30,55.47, , , , 
3/13/20 3:40,55.53, , , , 
3/13/20 3:50,55.53, , , , 
3/13/20 4:00,55.53, , , , 
3/13/20 4:10,55.49, , , , 
3/13/20 4:20,55.57, , , , 
3/13/20 4:30,55.62, , , , 
3/13/20 4:40,55.59, , , , 
3/13/20 4:50,55.49, , , , 
3/13/20 5:00,55.47, , , , 
3/13/20 5:10,55.39, , , , 
3/13/20 5:20,55.28, , , , 
3/13/20 5:30,55.3, , , , 
3/13/20 5:40,55.18, , , , 
3/13/20 5:50,55.16, , , , 
3/13/20 6:00,55.1, , , , 
3/13/20 6:10,55.12, , , , 
3/13/20 6:20,55.03, , , , 
3/13/20 6:30,54.91, , , , 
3/13/20 6:40,54.89, , , , 
3/13/20 6:50,54.83, , , , 
3/13/20 7:00,54.81, , , , 
3/13/20 7:10,54.7, , , , 
3/13/20 7:20,54.64, , , , 
3/13/20 7:30,54.66, , , , 
3/13/20 7:40,54.66, , , , 
3/13/20 7:50,54.68, , , , 
3/13/20 8:00,54.72, , , , 
3/13/20 8:10,54.78, , , , 
3/13/20 8:20,54.78, , , , 
3/13/20 8:30,54.85, , , , 
3/13/20 8:40,55.03, , , , 
3/13/20 8:50,55.03, , , , 
3/13/20 9:00,55.28, , , , 
3/13/20 9:10,55.43, , , , 
3/13/20 9:20,55.62, , , , 
3/13/20 9:30,55.8, , , , 
3/13/20 9:40,56.03, , , , 
3/13/20 9:50,56.18, , , , 
3/13/20 10:00,56.47, , , , 
3/13/20 10:10,56.74, , , , 
3/13/20 10:20,57.03, , , , 
3/13/20 10:30,57.21, , , , 
3/13/20 10:40,57.36, , , , 
3/13/20 10:50,57.59, , , , 
3/13/20 11:00,57.81, , , , 
3/13/20 11:10,57.98, , , , 
3/13/20 11:20,58.21, , , , 
3/13/20 11:30,58.42, , , , 
3/13/20 11:40,58.56, , , , 
3/13/20 11:50,58.75, , , , 
3/13/20 12:00,58.79, , , , 
3/13/20 12:10,59.1, , , , 
3/13/20 12:20,59.08, , , , 
3/13/20 12:30,59.23, , , , 
3/13/20 12:40,59.35, , , , 
3/13/20 12:50,59.41, , , , 
3/13/20 13:00,59.56, , , , 
3/13/20 13:10,59.72, , , , 
3/13/20 13:20,59.68, , , , 
3/13/20 13:30,59.74, , , , 
3/13/20 13:40,59.78, , , , 
3/13/20 13:50,59.93, , , , 
3/13/20 14:00,60.12, , , , 
3/13/20 14:10,60.06, , , , 
3/13/20 14:20,59.06, , , , 
3/13/20 14:30,59.95, , , , 
3/13/20 14:40,60.84, , , , 
3/13/20 14:50,61.17, , , , 
3/13/20 15:00,61.32, , , , 
3/13/20 15:10,61.53, , , , 
3/13/20 15:20,61.45, , , , 
3/13/20 15:30,61.28, , , , 
3/13/20 15:40,61.22, , , , 
3/13/20 15:50,61.03, , , , 
3/13/20 16:00,60.74, , , , 
3/13/20 16:10,60.74, , , , 
3/13/20 16:20,60.47, , , , 
3/13/20 16:30,60.01, , , , 
3/13/20 16:40,59.81, , , , 
3/13/20 16:50,59.54, , , , 
3/13/20 17:00,59.37, , , , 
3/13/20 17:10,59.18, , , , 
3/13/20 17:20,59, , , , 
3/13/20 17:30,58.81, , , , 
3/13/20 17:40,58.66, , , , 
3/13/20 17:50,58.39, , , , 
3/13/20 18:00,58.21, , , , 
3/13/20 18:10,58.02, , , , 
3/13/20 18:20,57.88, , , , 
3/13/20 18:30,57.67, , , , 
3/13/20 18:40,57.34, , , , 
3/13/20 18:50,57.03, , , , 
3/13/20 19:00,56.71, , , , 
3/13/20 19:10,56.51, , , , 
3/13/20 19:20,56.2, , , , 
3/13/20 19:30,55.91, , , , 
3/13/20 19:40,55.72, , , , 
3/13/20 19:50,55.45, , , , 
3/13/20 20:00,55.43, , , , 
3/13/20 20:10,55.3, , , , 
3/13/20 20:20,55.22, , , , 
3/13/20 20:30,55.12, , , , 
3/13/20 20:40,55.03, , , , 
3/13/20 20:50,55.03, , , , 
3/13/20 21:00,54.97, , , , 
3/13/20 21:10,54.89, , , , 
3/13/20 21:20,54.78, , , , 
3/13/20 21:30,54.6, , , , 
3/13/20 21:40,54.43, , , , 
3/13/20 21:50,54.29, , , , 
3/13/20 22:00,54.08, , , , 
3/13/20 22:10,53.87, , , , 
3/13/20 22:20,53.6, , , , 
3/13/20 22:30,53.39, , , , 
3/13/20 22:40,53.1, , , , 
3/13/20 22:50,52.92, , , , 
3/13/20 23:00,52.83, , , , 
3/13/20 23:10,52.59, , , , 
3/13/20 23:20,52.42, , , , 
3/13/20 23:30,52.32, , , , 
3/13/20 23:40,52.27, , , , 
3/13/20 23:50,52.21, , , , 
3/14/20 0:00,52.09, , , , 
3/14/20 0:10,52.34, , , , 
3/14/20 0:20,52.52, , , , 
3/14/20 0:30,52.48, , , , 
3/14/20 0:40,54, , , , 
3/14/20 0:50,54.62, , , , 
3/14/20 1:00,55.05, , , , 
3/14/20 1:10,55.12, , , , 
3/14/20 1:20,55.12, , , , 
3/14/20 1:30,55.37, , , , 
3/14/20 1:40,55.16, , , , 
3/14/20 1:50,55.51, , , , 
3/14/20 2:00,55.59, , , , 
3/14/20 2:10,55.57, , , , 
3/14/20 2:20,55.64, , , , 
3/14/20 2:30,55.62, , , , 
3/14/20 2:40,55.62, , , , 
3/14/20 2:50,55.66, , , , 
3/14/20 3:00,55.62, , , , 
3/14/20 3:10,55.68, , , , 
3/14/20 3:20,55.61, , , , 
3/14/20 3:30,55.61, , , , 
3/14/20 3:40,55.59, , , , 
3/14/20 3:50,55.51, , , , 
3/14/20 4:00,55.45, , , , 
3/14/20 4:10,55.43, , , , 
3/14/20 4:20,55.37, , , , 
3/14/20 4:30,55.3, , , , 
3/14/20 4:40,55.14, , , , 
3/14/20 4:50,54.93, , , , 
3/14/20 5:00,54.87, , , , 
3/14/20 5:10,54.7, , , , 
3/14/20 5:20,54.62, , , , 
3/14/20 5:30,54.56, , , , 
3/14/20 5:40,54.47, , , , 
3/14/20 5:50,54.37, , , , 
3/14/20 6:00,54.23, , , , 
3/14/20 6:10,54.04, , , , 
3/14/20 6:20,53.87, , , , 
3/14/20 6:30,53.71, , , , 
3/14/20 6:40,53.62, , , , 
3/14/20 6:50,53.46, , , , 
3/14/20 7:00,53.4, , , , 
3/14/20 7:10,53.33, , , , 
3/14/20 7:20,53.25, , , , 
3/14/20 7:30,53.17, , , , 
3/14/20 7:40,53.08, , , , 
3/14/20 7:50,53.02, , , , 
3/14/20 8:00,52.98, , , , 
3/14/20 8:10,53.06, , , , 
3/14/20 8:20,53.15, , , , 
3/14/20 8:30,53.39, , , , 
3/14/20 8:40,53.54, , , , 
3/14/20 8:50,53.75, , , , 
3/14/20 9:00,53.89, , , , 
3/14/20 9:10,53.98, , , , 
3/14/20 9:20,54.1, , , , 
3/14/20 9:30,54.31, , , , 
3/14/20 9:40,54.45, , , , 
3/14/20 9:50,54.62, , , , 
3/14/20 10:00,54.93, , , , 
3/14/20 10:10,55.3, , , , 
3/14/20 10:20,55.82, , , , 
3/14/20 10:30,56.11, , , , 
3/14/20 10:40,56.61, , , , 
3/14/20 10:50,56.67, , , , 
3/14/20 11:00,56.67, , , , 
3/14/20 11:10,56.8, , , , 
3/14/20 11:20,56.76, , , , 
3/14/20 11:30,56.88, , , , 
3/14/20 11:40,57.11, , , , 
3/14/20 11:50,57.57, , , , 
3/14/20 12:00,58.17, , , , 
3/14/20 12:10,58.35, , , , 
3/14/20 12:20,59.02, , , , 
3/14/20 12:30,59.43, , , , 
3/14/20 12:40,59.72, , , , 
3/14/20 12:50,60.01, , , , 
3/14/20 13:00,60.95, , , , 
3/14/20 13:10,61.01, , , , 
3/14/20 13:20,61.22, , , , 
3/14/20 13:30,60.84, , , , 
3/14/20 13:40,60.66, , , , 
3/14/20 13:50,60.24, , , , 
3/14/20 14:00,59.83, , , , 
3/14/20 14:10,59.25, , , , 
3/14/20 14:20,59.04, , , , 
3/14/20 14:30,59.41, , , , 
3/14/20 14:40,58.85, , , , 
3/14/20 14:50,58.81, , , , 
3/14/20 15:00,59.08, , , , 
3/14/20 15:10,59.16, , , , 
3/14/20 15:20,59.5, , , , 
3/14/20 15:30,60.03, , , , 
3/14/20 15:40,61.55, , , , 
3/14/20 15:50,62.21, , , , 
3/14/20 16:00,62.19, , , , 
3/14/20 16:10,61.69, , , , 
3/14/20 16:20,61.32, , , , 
3/14/20 16:30,60.95, , , , 
3/14/20 16:40,60.41, , , , 
3/14/20 16:50,60.03, , , , 
3/14/20 17:00,59.66, , , , 
3/14/20 17:10,59.16, , , , 
3/14/20 17:20,58.71, , , , 
3/14/20 17:30,58.35, , , , 
3/14/20 17:40,58.11, , , , 
3/14/20 17:50,58.04, , , , 
3/14/20 18:00,57.84, , , , 
3/14/20 18:10,57.57, , , , 
3/14/20 18:20,57.25, , , , 
3/14/20 18:30,56.94, , , , 
3/14/20 18:40,56.74, , , , 
3/14/20 18:50,56.55, , , , 
3/14/20 19:00,56.36, , , , 
3/14/20 19:10,56.2, , , , 
3/14/20 19:20,56.05, , , , 
3/14/20 19:30,55.91, , , , 
3/14/20 19:40,55.78, , , , 
3/14/20 19:50,55.66, , , , 
3/14/20 20:00,55.55, , , , 
3/14/20 20:10,55.37, , , , 
3/14/20 20:20,55.24, , , , 
3/14/20 20:30,55.22, , , , 
3/14/20 20:40,55.12, , , , 
3/14/20 20:50,55.05, , , , 
3/14/20 21:00,54.99, , , , 
3/14/20 21:10,54.89, , , , 
3/14/20 21:20,54.89, , , , 
3/14/20 21:30,54.76, , , , 
3/14/20 21:40,54.66, , , , 
3/14/20 21:50,54.62, , , , 
3/14/20 22:00,54.62, , , , 
3/14/20 22:10,54.54, , , , 
3/14/20 22:20,54.49, , , , 
3/14/20 22:30,54.47, , , , 
3/14/20 22:40,54.43, , , , 
3/14/20 22:50,54.41, , , , 
3/14/20 23:00,54.37, , , , 
3/14/20 23:10,54.41, , , , 
3/14/20 23:20,54.33, , , , 
3/14/20 23:30,54.31, , , , 
3/14/20 23:40,54.27, , , , 
3/14/20 23:50,54.22, , , , 
3/15/20 0:00,54.22, , , , 
3/15/20 0:10,54.2, , , , 
3/15/20 0:20,54.18, , , , 
3/15/20 0:30,54.16, , , , 
3/15/20 0:40,53.91, , , , 
3/15/20 0:50,54.22, , , , 
3/15/20 1:00,54.29, , , , 
3/15/20 1:10,54.12, , , , 
3/15/20 1:20,54.39, , , , 
3/15/20 1:30,54.43, , , , 
3/15/20 1:40,54.66, , , , 
3/15/20 1:50,54.91, , , , 
3/15/20 2:00,54.91, , , , 
3/15/20 2:10,54.91, , , , 
3/15/20 2:20,54.95, , , , 
3/15/20 2:30,55.01, , , , 
3/15/20 2:40,54.97, , , , 
3/15/20 2:50,55.05, , , , 
3/15/20 3:00,55.08, , , , 
3/15/20 3:10,55.03, , , , 
3/15/20 3:20,55.08, , , , 
3/15/20 3:30,55.05, , , , 
3/15/20 3:40,54.99, , , , 
3/15/20 3:50,55.05, , , , 
3/15/20 4:00,55.06, , , , 
3/15/20 4:10,55.01, , , , 
3/15/20 4:20,54.87, , , , 
3/15/20 4:30,54.95, , , , 
3/15/20 4:40,54.81, , , , 
3/15/20 4:50,54.85, , , , 
3/15/20 5:00,54.87, , , , 
3/15/20 5:10,54.81, , , , 
3/15/20 5:20,54.52, , , , 
3/15/20 5:30,54.5, , , , 
3/15/20 5:40,54.14, , , , 
3/15/20 5:50,53.64, , , , 
3/15/20 6:00,53.15, , , , 
3/15/20 6:10,52.79, , , , 
3/15/20 6:20,52.67, , , , 
3/15/20 6:30,52.46, , , , 
3/15/20 6:40,52.27, , , , 
3/15/20 6:50,52.23, , , , 
3/15/20 7:00,52.28, , , , 
3/15/20 7:10,52.15, , , , 
3/15/20 7:20,51.98, , , , 
3/15/20 7:30,51.9, , , , 
3/15/20 7:40,51.94, , , , 
3/15/20 7:50,51.88, , , , 
3/15/20 8:00,52.01, , , , 
3/15/20 8:10,52.05, , , , 
3/15/20 8:20,52.38, , , , 
3/15/20 8:30,52.59, , , , 
3/15/20 8:40,52.75, , , , 
3/15/20 8:50,53.11, , , , 
3/15/20 9:00,53.64, , , , 
3/15/20 9:10,54.04, , , , 
3/15/20 9:20,54.31, , , , 
3/15/20 9:30,54.6, , , , 
3/15/20 9:40,56.05, , , , 
3/15/20 9:50,57.01, , , , 
3/15/20 10:00,58.69, , , , 
3/15/20 10:10,60.35, , , , 
3/15/20 10:20,60.45, , , , 
3/15/20 10:30,60.82, , , , 
3/15/20 10:40,61.01, , , , 
3/15/20 10:50,61.51, , , , 
3/15/20 11:00,61.59, , , , 
3/15/20 11:10,62.01, , , , 
3/15/20 11:20,62.57, , , , 
3/15/20 11:30,63.73, , , , 
3/15/20 11:40,64.02, , , , 
3/15/20 11:50,65.76, , , , 
3/15/20 12:00,66.42, , , , 
3/15/20 12:10,68, , , , 
3/15/20 12:20,67.84, , , , 
3/15/20 12:30,68.15, , , , 
3/15/20 12:40,67.67, , , , 
3/15/20 12:50,67.23, , , , 
3/15/20 13:00,66.9, , , , 
3/15/20 13:10,67.17, , , , 
3/15/20 13:20,67.81, , , , 
3/15/20 13:30,67.54, , , , 
3/15/20 13:40,67.25, , , , 
3/15/20 13:50,67.13, , , , 
3/15/20 14:00,66.59, , , , 
3/15/20 14:10,66.32, , , , 
3/15/20 14:20,65.99, , , , 
3/15/20 14:30,65.66, , , , 
3/15/20 14:40,65.12, , , , 
3/15/20 14:50,65.24, , , , 
3/15/20 15:00,64.93, , , , 
3/15/20 15:10,64.79, , , , 
3/15/20 15:20,64.56, , , , 
3/15/20 15:30,64.12, , , , 
3/15/20 15:40,64.31, , , , 
3/15/20 15:50,64.72, , , , 
3/15/20 16:00,64.49, , , , 
3/15/20 16:10,64.45, , , , 
3/15/20 16:20,64.37, , , , 
3/15/20 16:30,63.98, , , , 
3/15/20 16:40,63.4, , , , 
3/15/20 16:50,62.88, , , , 
3/15/20 17:00,62.65, , , , 
3/15/20 17:10,62.32, , , , 
3/15/20 17:20,62.05, , , , 
3/15/20 17:30,61.74, , , , 
3/15/20 17:40,61.07, , , , 
3/15/20 17:50,60.61, , , , 
3/15/20 18:00,60.2, , , , 
3/15/20 18:10,59.78, , , , 
3/15/20 18:20,59.58, , , , 
3/15/20 18:30,59.27, , , , 
3/15/20 18:40,58.91, , , , 
3/15/20 18:50,58.64, , , , 
3/15/20 19:00,58.27, , , , 
3/15/20 19:10,57.98, , , , 
3/15/20 19:20,57.63, , , , 
3/15/20 19:30,57.34, , , , 
3/15/20 19:40,57.01, , , , 
3/15/20 19:50,56.76, , , , 
3/15/20 20:00,56.57, , , , 
3/15/20 20:10,56.36, , , , 
3/15/20 20:20,56.17, , , , 
3/15/20 20:30,56.03, , , , 
3/15/20 20:40,55.89, , , , 
3/15/20 20:50,55.7, , , , 
3/15/20 21:00,55.57, , , , 
3/15/20 21:10,55.53, , , , 
3/15/20 21:20,55.47, , , , 
3/15/20 21:30,55.41, , , , 
3/15/20 21:40,55.33, , , , 
3/15/20 21:50,55.2, , , , 
3/15/20 22:00,55.06, , , , 
3/15/20 22:10,55.03, , , , 
3/15/20 22:20,54.99, , , , 
3/15/20 22:30,54.97, , , , 
3/15/20 22:40,54.95, , , , 
3/15/20 22:50,54.93, , , , 
3/15/20 23:00,54.95, , , , 
3/15/20 23:10,54.87, , , , 
3/15/20 23:20,54.81, , , , 
3/15/20 23:30,54.76, , , , 
3/15/20 23:40,54.7, , , , 
3/15/20 23:50,54.72, , , , 
3/16/20 0:00,54.62, , , , 
3/16/20 0:10,54.6, , , , 
3/16/20 0:20,54.64, , , , 
3/16/20 0:30,54.62, , , , 
3/16/20 0:40,54.66, , , , 
3/16/20 0:50,54.64, , , , 
3/16/20 1:00,54.58, , , , 
3/16/20 1:10,54.56, , , , 
3/16/20 1:20,54.5, , , , 
3/16/20 1:30,54.47, , , , 
3/16/20 1:40,54.37, , , , 
3/16/20 1:50,54.37, , , , 
3/16/20 2:00,54.31, , , , 
3/16/20 2:10,54.52, , , , 
3/16/20 2:20,54.41, , , , 
3/16/20 2:30,54.68, , , , 
3/16/20 2:40,54.41, , , , 
3/16/20 2:50,54.6, , , , 
3/16/20 3:00,54.64, , , , 
3/16/20 3:10,54.66, , , , 
3/16/20 3:20,54.85, , , , 
3/16/20 3:30,54.78, , , , 
3/16/20 3:40,54.93, , , , 
3/16/20 3:50,55.01, , , , 
3/16/20 4:00,55.05, , , , 
3/16/20 4:10,54.97, , , , 
3/16/20 4:20,54.99, , , , 
3/16/20 4:30,54.99, , , , 
3/16/20 4:40,54.93, , , , 
3/16/20 4:50,54.99, , , , 
3/16/20 5:00,54.95, , , , 
3/16/20 5:10,54.83, , , , 
3/16/20 5:20,54.76, , , , 
3/16/20 5:30,54.89, , , , 
3/16/20 5:40,54.89, , , , 
3/16/20 5:50,54.93, , , , 
3/16/20 6:00,54.85, , , , 
3/16/20 6:10,54.72, , , , 
3/16/20 6:20,54.83, , , , 
3/16/20 6:30,54.74, , , , 
3/16/20 6:40,54.49, , , , 
3/16/20 6:50,54.37, , , , 
3/16/20 7:00,54.45, , , , 
3/16/20 7:10,54.22, , , , 
3/16/20 7:20,54.06, , , , 
3/16/20 7:30,53.71, , , , 
3/16/20 7:40,53.37, , , , 
3/16/20 7:50,53.17, , , , 
3/16/20 8:00,53.08, , , , 
3/16/20 8:10,52.88, , , , 
3/16/20 8:20,52.71, , , , 
3/16/20 8:30,52.79, , , , 
3/16/20 8:40,52.77, , , , 
3/16/20 8:50,52.69, , , , 
3/16/20 9:00,52.71, , , , 
3/16/20 9:10,52.9, , , , 
3/16/20 9:20,53.19, , , , 
3/16/20 9:30,53.79, , , , 
3/16/20 9:40,54.5, , , , 
3/16/20 9:50,55.08, , , , 
3/16/20 10:00,55.41, , , , 
3/16/20 10:10,55.43, , , , 
3/16/20 10:20,55.84, , , , 
3/16/20 10:30,56.28, , , , 
3/16/20 10:40,56.71, , , , 
3/16/20 10:50,57.71, , , , 
3/16/20 11:00,58.31, , , , 
3/16/20 11:10,59.16, , , , 
3/16/20 11:20,60.16, , , , 
3/16/20 11:30,60.88, , , , 
3/16/20 11:40,62.07, , , , 
3/16/20 11:50,64.2, , , , 
3/16/20 12:00,65.78, , , , 
3/16/20 12:10,66.15, , , , 
3/16/20 12:20,67.25, , , , 
3/16/20 12:30,68, , , , 
3/16/20 12:40,68.27, , , , 
3/16/20 12:50,70.28, , , , 
3/16/20 13:00,71.82, , , , 
3/16/20 13:10,72.65, , , , 
3/16/20 13:20,73.17, , , , 
3/16/20 13:30,73.85, , , , 
3/16/20 13:40,74.58, , , , 
3/16/20 13:50,75.01, , , , 
3/16/20 14:00,75.16, , , , 
3/16/20 14:10,75.34, , , , 
3/16/20 14:20,75.3, , , , 
3/16/20 14:30,75.16, , , , 
3/16/20 14:40,75.26, , , , 
3/16/20 14:50,75.22, , , , 
3/16/20 15:00,75.16, , , , 
3/16/20 15:10,75.2, , , , 
3/16/20 15:20,75.39, , , , 
3/16/20 15:30,75.37, , , , 
3/16/20 15:40,75.35, , , , 
3/16/20 15:50,74.47, , , , 
3/16/20 16:00,72.17, , , , 
3/16/20 16:10,70.26, , , , 
3/16/20 16:20,68.71, , , , 
3/16/20 16:30,67.42, , , , 
3/16/20 16:40,66.13, , , , 
3/16/20 16:50,65.01, , , , 
3/16/20 17:00,64.08, , , , 
3/16/20 17:10,63.25, , , , 
3/16/20 17:20,62.5, , , , 
3/16/20 17:30,61.84, , , , 
3/16/20 17:40,61.05, , , , 
3/16/20 17:50,60.45, , , , 
3/16/20 18:00,59.83, , , , 
3/16/20 18:10,59.33, , , , 
3/16/20 18:20,58.83, , , , 
3/16/20 18:30,58.29, , , , 
3/16/20 18:40,57.73, , , , 
3/16/20 18:50,57.3, , , , 
3/16/20 19:00,56.94, , , , 
3/16/20 19:10,56.51, , , , 
3/16/20 19:20,56.18, , , , 
3/16/20 19:30,55.91, , , , 
3/16/20 19:40,55.66, , , , 
3/16/20 19:50,55.37, , , , 
3/16/20 20:00,55.08, , , , 
3/16/20 20:10,54.87, , , , 
3/16/20 20:20,54.56, , , , 
3/16/20 20:30,54.2, , , , 
3/16/20 20:40,53.77, , , , 
3/16/20 20:50,53.35, , , , 
3/16/20 21:00,52.9, , , , 
3/16/20 21:10,52.54, , , , 
3/16/20 21:20,52.23, , , , 
3/16/20 21:30,52.01, , , , 
3/16/20 21:40,51.96, , , , 
3/16/20 21:50,51.96, , , , 
3/16/20 22:00,51.72, , , , 
3/16/20 22:10,51.47, , , , 
3/16/20 22:20,51.17, , , , 
3/16/20 22:30,51.01, , , , 
3/16/20 22:40,50.91, , , , 
3/16/20 22:50,50.74, , , , 
3/16/20 23:00,50.59, , , , 
3/16/20 23:10,50.43, , , , 
3/16/20 23:20,50.37, , , , 
3/16/20 23:30,50.35, , , , 
3/16/20 23:40,50.28, , , , 
3/16/20 23:50,50.28, , , , 
3/17/20 0:00,50.12, , , , 
3/17/20 0:10,49.97, , , , 
3/17/20 0:20,49.91, , , , 
3/17/20 0:30,49.93, , , , 
3/17/20 0:40,49.91, , , , 
3/17/20 0:50,49.91, , , , 
3/17/20 1:00,49.85, , , , 
3/17/20 1:10,49.87, , , , 
3/17/20 1:20,49.91, , , , 
3/17/20 1:30,49.81, , , , 
3/17/20 1:40,49.85, , , , 
3/17/20 1:50,49.83, , , , 
3/17/20 2:00,49.89, , , , 
3/17/20 2:10,49.93, , , , 
3/17/20 2:20,50.01, , , , 
3/17/20 2:30,50.22, , , , 
3/17/20 2:40,50.35, , , , 
3/17/20 2:50,50.47, , , , 
3/17/20 3:00,50.49, , , , 
3/17/20 3:10,50.78, , , , 
3/17/20 3:20,51.17, , , , 
3/17/20 3:30,51.45, , , , 
3/17/20 3:40,53.27, , , , 
3/17/20 3:50,53.39, , , , 
3/17/20 4:00,53.77, , , , 
3/17/20 4:10,54.76, , , , 
3/17/20 4:20,55.01, , , , 
3/17/20 4:30,54.91, , , , 
3/17/20 4:40,55.08, , , , 
3/17/20 4:50,55.26, , , , 
3/17/20 5:00,55.32, , , , 
3/17/20 5:10,55.24, , , , 
3/17/20 5:20,55.24, , , , 
3/17/20 5:30,55.14, , , , 
3/17/20 5:40,55.43, , , , 
3/17/20 5:50,55.22, , , , 
3/17/20 6:00,55.22, , , , 
3/17/20 6:10,55.16, , , , 
3/17/20 6:20,55.14, , , , 
3/17/20 6:30,55.01, , , , 
3/17/20 6:40,55.22, , , , 
3/17/20 6:50,54.91, , , , 
3/17/20 7:00,54.56, , , , 
3/17/20 7:10,54.91, , , , 
3/17/20 7:20,54.89, , , , 
3/17/20 7:30,54.56, , , , 
3/17/20 7:40,54.22, , , , 
3/17/20 7:50,54.08, , , , 
3/17/20 8:00,53.94, , , , 
3/17/20 8:10,53.79, , , , 
3/17/20 8:20,53.71, , , , 
3/17/20 8:30,54.22, , , , 
3/17/20 8:40,54.85, , , , 
3/17/20 8:50,55.35, , , , 
3/17/20 9:00,55.93, , , , 
3/17/20 9:10,57.11, , , , 
3/17/20 9:20,57.01, , , , 
3/17/20 9:30,58.04, , , , 
3/17/20 9:40,59.1, , , , 
3/17/20 9:50,60.06, , , , 
3/17/20 10:00,61.15, , , , 
3/17/20 10:10,62.03, , , , 
3/17/20 10:20,63.19, , , , 
3/17/20 10:30,64.04, , , , 
3/17/20 10:40,65.16, , , , 
3/17/20 10:50,65.91, , , , 
3/17/20 11:00,67.13, , , , 
3/17/20 11:10,67.52, , , , 
3/17/20 11:20,68.77, , , , 
3/17/20 11:30,69.79, , , , 
3/17/20 11:40,70.8, , , , 
3/17/20 11:50,71.63, , , , 
3/17/20 12:00,72.56, , , , 
3/17/20 12:10,73.44, , , , 
3/17/20 12:20,74.29, , , , 
3/17/20 12:30,75.22, , , , 
3/17/20 12:40,76.07, , , , 
3/17/20 12:50,76.74, , , , 
3/17/20 13:00,77.19, , , , 
3/17/20 13:10,77.69, , , , 
3/17/20 13:20,78.37, , , , 
3/17/20 13:30,78.81, , , , 
3/17/20 13:40,79.22, , , , 
3/17/20 13:50,79.37, , , , 
3/17/20 14:00,79.54, , , , 
3/17/20 14:10,79.52, , , , 
3/17/20 14:20,79.52, , , , 
3/17/20 14:30,79.47, , , , 
3/17/20 14:40,79.39, , , , 
3/17/20 14:50,79.29, , , , 
3/17/20 15:00,78.31, , , , 
3/17/20 15:10,77.9, , , , 
3/17/20 15:20,78.1, , , , 
3/17/20 15:30,77.63, , , , 
3/17/20 15:40,76.11, , , , 
3/17/20 15:50,73.98, , , , 
3/17/20 16:00,71.73, , , , 
3/17/20 16:10,70.28, , , , 
3/17/20 16:20,69.62, , , , 
3/17/20 16:30,69.29, , , , 
3/17/20 16:40,68.75, , , , 
3/17/20 16:50,68.13, , , , 
3/17/20 17:00,67.52, , , , 
3/17/20 17:10,66.78, , , , 
3/17/20 17:20,66.63, , , , 
3/17/20 17:30,66.73, , , , 
3/17/20 17:40,66.69, , , , 
3/17/20 17:50,66.71, , , , 
3/17/20 18:00,66.53, , , , 
3/17/20 18:10,66.3, , , , 
3/17/20 18:20,65.95, , , , 
3/17/20 18:30,65.62, , , , 
3/17/20 18:40,65.28, , , , 
3/17/20 18:50,64.89, , , , 
3/17/20 19:00,64.54, , , , 
3/17/20 19:10,64.2, , , , 
3/17/20 19:20,63.87, , , , 
3/17/20 19:30,63.4, , , , 
3/17/20 19:40,62.98, , , , 
3/17/20 19:50,62.17, , , , 
3/17/20 20:00,62.21, , , , 
3/17/20 20:10,62.11, , , , 
3/17/20 20:20,62.01, , , , 
3/17/20 20:30,61.9, , , , 
3/17/20 20:40,61.74, , , , 
3/17/20 20:50,61.55, , , , 
3/17/20 21:00,61.32, , , , 
3/17/20 21:10,61.07, , , , 
3/17/20 21:20,60.86, , , , 
3/17/20 21:30,60.59, , , , 
3/17/20 21:40,60.35, , , , 
3/17/20 21:50,60.06, , , , 
3/17/20 22:00,59.79, , , , 
3/17/20 22:10,59.58, , , , 
3/17/20 22:20,59.31, , , , 
3/17/20 22:30,59.06, , , , 
3/17/20 22:40,58.81, , , , 
3/17/20 22:50,58.58, , , , 
3/17/20 23:00,58.33, , , , 
3/17/20 23:10,58.04, , , , 
3/17/20 23:20,57.79, , , , 
3/17/20 23:30,57.5, , , , 
3/17/20 23:40,57.23, , , , 
3/17/20 23:50,57.01, , , , 
3/18/20 0:00,56.78, , , , 
3/18/20 0:10,56.49, , , , 
3/18/20 0:20,56.28, , , , 
3/18/20 0:30,56.07, , , , 
3/18/20 0:40,55.89, , , , 
3/18/20 0:50,55.64, , , , 
3/18/20 1:00,55.53, , , , 
3/18/20 1:10,55.3, , , , 
3/18/20 1:20,55.06, , , , 
3/18/20 1:30,54.85, , , , 
3/18/20 1:40,54.64, , , , 
3/18/20 1:50,54.45, , , , 
3/18/20 2:00,54.27, , , , 
3/18/20 2:10,54.04, , , , 
3/18/20 2:20,53.89, , , , 
3/18/20 2:30,53.6, , , , 
3/18/20 2:40,53.44, , , , 
3/18/20 2:50,53.25, , , , 
3/18/20 3:00,53.02, , , , 
3/18/20 3:10,52.83, , , , 
3/18/20 3:20,52.69, , , , 
3/18/20 3:30,52.54, , , , 
3/18/20 3:40,52.38, , , , 
3/18/20 3:50,52.25, , , , 
3/18/20 4:00,52.17, , , , 
3/18/20 4:10,52.07, , , , 
3/18/20 4:20,52, , , , 
3/18/20 4:30,51.94, , , , 
3/18/20 4:40,53.27, , , , 
3/18/20 4:50,53.52, , , , 
3/18/20 5:00,53.66, , , , 
3/18/20 5:10,53.93, , , , 
3/18/20 5:20,54.74, , , , 
3/18/20 5:30,54.7, , , , 
3/18/20 5:40,54.91, , , , 
3/18/20 5:50,55.03, , , , 
3/18/20 6:00,55.12, , , , 
3/18/20 6:10,55.24, , , , 
3/18/20 6:20,55.08, , , , 
3/18/20 6:30,55.18, , , , 
3/18/20 6:40,55.37, , , , 
3/18/20 6:50,55.32, , , , 
3/18/20 7:00,55.43, , , , 
3/18/20 7:10,55.28, , , , 
3/18/20 7:20,55.26, , , , 
3/18/20 7:30,55.22, , , , 
3/18/20 7:40,55.1, , , , 
3/18/20 7:50,55.35, , , , 
3/18/20 8:00,55.35, , , , 
3/18/20 8:10,55.3, , , , 
3/18/20 8:20,55.45, , , , 
3/18/20 8:30,55.32, , , , 
3/18/20 8:40,55.28, , , , 
3/18/20 8:50,55.26, , , , 
3/18/20 9:00,55.41, , , , 
3/18/20 9:10,55.26, , , , 
3/18/20 9:20,55.16, , , , 
3/18/20 9:30,55.18, , , , 
3/18/20 9:40,55.28, , , , 
3/18/20 9:50,55.53, , , , 
3/18/20 10:00,55.88, , , , 
3/18/20 10:10,56.4, , , , 
3/18/20 10:20,57.09, , , , 
3/18/20 10:30,57.67, , , , 
3/18/20 10:40,58.5, , , , 
3/18/20 10:50,59.08, , , , 
3/18/20 11:00,59.64, , , , 
3/18/20 11:10,60.28, , , , 
3/18/20 11:20,60.68, , , , 
3/18/20 11:30,61.51, , , , 
3/18/20 11:40,62.38, , , , 
3/18/20 11:50,63.39, , , , 
3/18/20 12:00,63.67, , , , 
3/18/20 12:10,64.02, , , , 
3/18/20 12:20,63.93, , , , 
3/18/20 12:30,63.87, , , , 
3/18/20 12:40,64, , , , 
3/18/20 12:49, ,Logged, , , 
3/18/20 12:49, , ,Logged, , 
3/18/20 12:49, , , ,Logged,Logged